<?xml version="1.0" encoding="UTF-8" standalone="yes"?>
<contentHaul xmlns:a="http://www.appian.com/ae/types/2009">
    <versionUuid>_a-0000e221-a0be-8000-3e90-01ef9001ef90_23984</versionUuid>
    <rule>
        <name>RT_Main</name>
        <uuid>_a-0000e20e-f1f8-8000-c28e-03ef9003ef90_24080</uuid>
        <description></description>
        <parentUuid>_a-0000e20e-f1f8-8000-c28e-03ef9003ef90_24075</parentUuid>
        <visibility>
            <advertise>false</advertise>
            <hierarchy>true</hierarchy>
            <indexable>true</indexable>
            <quota>false</quota>
            <searchable>true</searchable>
            <system>false</system>
            <unlogged>false</unlogged>
        </visibility>
        <definition>{
  #"SYSTEM_SYSRULES_columnsLayout"(
    columns: {
      #"SYSTEM_SYSRULES_columnLayout"(
        contents: {
          #"SYSTEM_SYSRULES_paragraphField"(
            label: "Rich Text Value",
            labelPosition: "ABOVE",
            instructions: "Used " &amp; len(ri!richText) &amp; " characters",
            value: ri!richText,
            saveInto: ri!richText,
            refreshAfter: "UNFOCUS",
            readonly: false
          )
        },
        width: "AUTO"
      ),
      #"SYSTEM_SYSRULES_columnLayout"(
        contents: {
          #"SYSTEM_SYSRULES_sideBySideLayout"(
            items: {
              #"SYSTEM_SYSRULES_sideBySideItem"(
                item: #"SYSTEM_SYSRULES_richTextDisplayField"(
                  label: "Enabled",
                  value: {
                    #"SYSTEM_SYSRULES_richTextItem_v1"(
                      text: {
                        #"SYSTEM_SYSRULES_richTextIcon"(
                          icon: "toggle-on",
                          size: "LARGE"
                        )
                      },
                      link: #"SYSTEM_SYSRULES_dynamicLink"(saveInto: a!save(
                        target: ri!disabled,
                        value: true()
                      )),
                      linkStyle: "STANDALONE",                 
                      showWhen: OR(isnull(ri!disabled), not(ri!disabled)),
                      color: "POSITIVE"
                    ),
                    #"SYSTEM_SYSRULES_richTextItem_v1"(
                      text: {
                        #"SYSTEM_SYSRULES_richTextIcon"(
                          icon: "toggle-off",
                          size: "LARGE"
                        )
                      },
                      link: #"SYSTEM_SYSRULES_dynamicLink"(saveInto: a!save(
                        target: ri!disabled,
                        value: false()
                      )),
                      linkStyle: "STANDALONE",                 
                      showWhen: and(not(isnull(ri!disabled)), ri!disabled),
                      color: "SECONDARY"
                    )
                  }
                )
              ),
              #"SYSTEM_SYSRULES_sideBySideItem"(
                item: #"SYSTEM_SYSRULES_richTextDisplayField"(
                  label: "Editable",
                  value: {
                    #"SYSTEM_SYSRULES_richTextItem_v1"(
                      text: {
                        #"SYSTEM_SYSRULES_richTextIcon"(
                          icon: "toggle-on",
                          size: "LARGE"
                        )
                      },
                      link: #"SYSTEM_SYSRULES_dynamicLink"(saveInto: a!save(
                        target: ri!readOnly,
                        value: true()
                      )),
                      linkStyle: "STANDALONE",                 
                      showWhen: OR(isnull(ri!readOnly), not(ri!readOnly)),
                      color: "POSITIVE"
                    ),
                    #"SYSTEM_SYSRULES_richTextItem_v1"(
                      text: {
                        #"SYSTEM_SYSRULES_richTextIcon"(
                          icon: "toggle-off",
                          size: "LARGE"
                        )
                      },
                      link: #"SYSTEM_SYSRULES_dynamicLink"(saveInto: a!save(
                        target: ri!readOnly,
                        value: false()
                      )),
                      linkStyle: "STANDALONE",                 
                      showWhen: and(not(isnull(ri!readOnly)), ri!readOnly),
                      color: "SECONDARY"
                    )
                  }
                )
              )
            }
          ),
          #"SYSTEM_SYSRULES_integerField"(
            label: "Max Size",
            labelPosition: "ABOVE",
            value: ri!maxSize,
            saveInto: ri!maxSize,
            refreshAfter: "UNFOCUS",
            validations: {}
          )
        },
        width: "NARROW"
      )
    }
  ),
  richTextEditor(
    label: "Rich Text Editor",
    labelPosition: "ABOVE",
    disabled: ri!disabled,
    validations: {},
    height: "AUTO",
    richTextValue: ri!richText,
    richTextSaveInto: ri!richText,
    readOnly: ri!readOnly,
    maxSize: ri!maxSize,
    placeholder: "Go nuts with your favorite rich text styles"
  )
}</definition>
        <namedTypedValue>
            <name>richText</name>
            <type>
                <name>string</name>
                <namespace>http://www.w3.org/2001/XMLSchema</namespace>
            </type>
            <value/>
        </namedTypedValue>
        <namedTypedValue>
            <name>disabled</name>
            <type>
                <name>boolean</name>
                <namespace>http://www.w3.org/2001/XMLSchema</namespace>
            </type>
        </namedTypedValue>
        <namedTypedValue>
            <name>maxSize</name>
            <type>
                <name>int</name>
                <namespace>http://www.w3.org/2001/XMLSchema</namespace>
            </type>
        </namedTypedValue>
        <namedTypedValue>
            <name>readOnly</name>
            <type>
                <name>boolean</name>
                <namespace>http://www.w3.org/2001/XMLSchema</namespace>
            </type>
        </namedTypedValue>
        <preferredEditor>interface</preferredEditor>
        <offlineEnabled>false</offlineEnabled>
    </rule>
    <roleMap public="true">
        <role inherit="true" allowForAll="false" name="readers">
            <users/>
            <groups/>
        </role>
        <role inherit="true" allowForAll="false" name="authors">
            <users/>
            <groups/>
        </role>
        <role inherit="true" allowForAll="false" name="administrators">
            <users/>
            <groups/>
        </role>
        <role inherit="false" allowForAll="false" name="denyReaders">
            <users/>
            <groups/>
        </role>
        <role inherit="false" allowForAll="false" name="denyAuthors">
            <users/>
            <groups/>
        </role>
        <role inherit="false" allowForAll="false" name="denyAdministrators">
            <users/>
            <groups/>
        </role>
    </roleMap>
    <typedValue>
        <type>
            <name>RuleTestConfig?list</name>
            <namespace>http://www.appian.com/ae/types/2009</namespace>
        </type>
        <value>
            <el>
                <a:name/>
                <a:ruleInputTestConfigs>
                    <a:value xmlns:xsd="http://www.w3.org/2001/XMLSchema" xmlns:xsi="http://www.w3.org/2001/XMLSchema-instance" xsi:type="xsd:string"/>
                    <a:nameRef>richText</a:nameRef>
                    <a:id>1</a:id>
                </a:ruleInputTestConfigs>
                <a:ruleInputTestConfigs>
                    <a:value xmlns:xsd="http://www.w3.org/2001/XMLSchema" xmlns:xsi="http://www.w3.org/2001/XMLSchema-instance" xsi:nil="true" xsi:type="xsd:boolean"/>
                    <a:nameRef>disabled</a:nameRef>
                    <a:id>2</a:id>
                </a:ruleInputTestConfigs>
                <a:ruleInputTestConfigs>
                    <a:value xmlns:xsd="http://www.w3.org/2001/XMLSchema" xmlns:xsi="http://www.w3.org/2001/XMLSchema-instance" xsi:type="xsd:int">256</a:value>
                    <a:nameRef>maxSize</a:nameRef>
                    <a:id>3</a:id>
                </a:ruleInputTestConfigs>
                <a:ruleInputTestConfigs>
                    <a:value xmlns:xsd="http://www.w3.org/2001/XMLSchema" xmlns:xsi="http://www.w3.org/2001/XMLSchema-instance" xsi:nil="true" xsi:type="xsd:boolean"/>
                    <a:nameRef>readOnly</a:nameRef>
                    <a:id>4</a:id>
                </a:ruleInputTestConfigs>
                <a:assertions xmlns:xsi="http://www.w3.org/2001/XMLSchema-instance" xsi:nil="true"/>
            </el>
        </value>
    </typedValue>
    <history>
        <historyInfo versionUuid="_a-0000e20f-dfd7-8000-c28e-03ef9003ef90_24567"/>
        <historyInfo versionUuid="_a-0000e221-a0be-8000-3e90-01ef9001ef90_23984"/>
    </history>
</contentHaul>
