<?xml version="1.0" encoding="UTF-8" standalone="yes"?>
<contentHaul xmlns:a="http://www.appian.com/ae/types/2009">
    <versionUuid>_a-0000e224-c83f-8000-cd5e-01ef9001ef90_26092</versionUuid>
    <constant>
        <name>RT_EXAMPLE_HTML_ALL_STYLES</name>
        <uuid>_a-0000e224-c83f-8000-cd5e-01ef9001ef90_26088</uuid>
        <description></description>
        <parentUuid>_a-0000e20e-f1f8-8000-c28e-03ef9003ef90_24075</parentUuid>
        <visibility>
            <advertise>false</advertise>
            <hierarchy>true</hierarchy>
            <indexable>true</indexable>
            <quota>false</quota>
            <searchable>true</searchable>
            <system>false</system>
            <unlogged>false</unlogged>
        </visibility>
        <typedValue>
            <type>
                <name>string</name>
                <namespace>http://www.w3.org/2001/XMLSchema</namespace>
            </type>
            <value>&lt;p&gt;Normal Sans Serif Standard&lt;/p&gt;&lt;h1&gt;Heading 1&lt;/h1&gt;&lt;h2&gt;Heading 2&lt;/h2&gt;&lt;h3&gt;Heading 3&lt;/h3&gt;&lt;h4&gt;Heading 4&lt;/h4&gt;&lt;h5&gt;Heading 5&lt;/h5&gt;&lt;p&gt;&lt;span class="ql-font-serif"&gt;Serif&lt;/span&gt;&lt;/p&gt;&lt;p&gt;&lt;span class="ql-font-monospace"&gt;Monospace&lt;/span&gt;&lt;/p&gt;&lt;p&gt;&lt;span class="ql-font-monospace ql-size-small"&gt;Small&lt;/span&gt;&lt;/p&gt;&lt;p&gt;&lt;span class="ql-font-monospace ql-size-large"&gt;Large&lt;/span&gt;&lt;/p&gt;&lt;p&gt;&lt;span class="ql-font-monospace ql-size-huge"&gt;Huge&lt;/span&gt;&lt;/p&gt;&lt;p&gt;&lt;strong&gt;Bold&lt;/strong&gt;&lt;/p&gt;&lt;p&gt;&lt;em&gt;Italic&lt;/em&gt;&lt;/p&gt;&lt;p&gt;&lt;u&gt;Underline&lt;/u&gt;&lt;/p&gt;&lt;p&gt;&lt;s&gt;Strikethrough&lt;/s&gt;&lt;sub&gt;Subscript&lt;/sub&gt;&lt;sup&gt;Superscript&lt;/sup&gt;&lt;/p&gt;&lt;p&gt;&lt;span style="color: rgb(161, 0, 0);"&gt;Red&lt;/span&gt;&lt;/p&gt;&lt;p&gt;&lt;span style="background-color: rgb(0, 102, 204);"&gt;Blue&lt;/span&gt;&lt;/p&gt;&lt;p&gt;&lt;a href="https://www.google.com" target="_blank"&gt;Link&lt;/a&gt;&lt;/p&gt;&lt;p class="ql-align-center"&gt;Center&lt;/p&gt;&lt;p class="ql-align-right"&gt;Right&lt;/p&gt;&lt;p class="ql-align-justify"&gt;Justify&lt;/p&gt;&lt;p&gt;	Indent&lt;/p&gt;&lt;p&gt;		Indent again&lt;/p&gt;&lt;ol&gt;&lt;li&gt;Numbered&lt;/li&gt;&lt;li&gt;List&lt;/li&gt;&lt;/ol&gt;&lt;ul&gt;&lt;li&gt;Bulleted&lt;/li&gt;&lt;li&gt;List&lt;/li&gt;&lt;/ul&gt;&lt;blockquote&gt;Quote&lt;/blockquote&gt;&lt;p&gt;&lt;code&gt;Code&lt;/code&gt;&lt;/p&gt;&lt;p&gt;&lt;br&gt;&lt;/p&gt;</value>
        </typedValue>
        <isEnvironmentSpecific>false</isEnvironmentSpecific>
    </constant>
    <roleMap public="true">
        <role inherit="true" allowForAll="false" name="readers">
            <users/>
            <groups/>
        </role>
        <role inherit="true" allowForAll="false" name="authors">
            <users/>
            <groups/>
        </role>
        <role inherit="true" allowForAll="false" name="administrators">
            <users>
                <userUuid>admin.user</userUuid>
            </users>
            <groups/>
        </role>
        <role inherit="false" allowForAll="false" name="denyReaders">
            <users/>
            <groups/>
        </role>
        <role inherit="false" allowForAll="false" name="denyAuthors">
            <users/>
            <groups/>
        </role>
        <role inherit="false" allowForAll="false" name="denyAdministrators">
            <users/>
            <groups/>
        </role>
    </roleMap>
    <history>
        <historyInfo versionUuid="_a-0000e224-c83f-8000-cd5e-01ef9001ef90_26092"/>
    </history>
</contentHaul>
