<?xml version="1.0" encoding="UTF-8" standalone="yes"?>
<contentHaul xmlns:a="http://www.appian.com/ae/types/2009">
    <versionUuid>_a-0000e23e-16b8-8000-ad28-01ef9001ef90_24459</versionUuid>
    <constant>
        <name>RT_EXAMPLE_HTML_LARGE</name>
        <uuid>_a-0000e23e-16b8-8000-ad28-01ef9001ef90_24455</uuid>
        <description></description>
        <parentUuid>_a-0000e20e-f1f8-8000-c28e-03ef9003ef90_24075</parentUuid>
        <visibility>
            <advertise>false</advertise>
            <hierarchy>true</hierarchy>
            <indexable>true</indexable>
            <quota>false</quota>
            <searchable>true</searchable>
            <system>false</system>
            <unlogged>false</unlogged>
        </visibility>
        <typedValue>
            <type>
                <name>string</name>
                <namespace>http://www.w3.org/2001/XMLSchema</namespace>
            </type>
            <value>&lt;h2&gt;Early life and career&lt;/h2&gt;&lt;p&gt;&lt;em&gt;Main article:&amp;nbsp;&lt;/em&gt;&lt;a href="https://en.wikipedia.org/wiki/Early_life_and_career_of_Barack_Obama" target="_blank" style="background-color: initial; color: rgb(11, 0, 128);"&gt;&lt;em&gt;Early life and career of Barack Obama&lt;/em&gt;&lt;/a&gt;&lt;/p&gt;&lt;p&gt;Obama was born on August 4, 1961,&lt;a href="https://en.wikipedia.org/wiki/Barack_Obama#cite_note-biography-6" target="_blank" style="background-color: initial; color: rgb(11, 0, 128);"&gt;[6]&lt;/a&gt;&amp;nbsp;at&amp;nbsp;&lt;a href="https://en.wikipedia.org/wiki/Kapiolani_Medical_Center_for_Women_and_Children" target="_blank" style="background-color: initial; color: rgb(11, 0, 128);"&gt;Kapiolani Medical Center for Women and Children&lt;/a&gt;&amp;nbsp;in&amp;nbsp;&lt;a href="https://en.wikipedia.org/wiki/Honolulu" target="_blank" style="background-color: initial; color: rgb(11, 0, 128);"&gt;Honolulu&lt;/a&gt;, Hawaii.&lt;a href="https://en.wikipedia.org/wiki/Barack_Obama#cite_note-birth-certificate-7" target="_blank" style="background-color: initial; color: rgb(11, 0, 128);"&gt;[7]&lt;/a&gt;&lt;a href="https://en.wikipedia.org/wiki/Barack_Obama#cite_note-maraniss-8" target="_blank" style="background-color: initial; color: rgb(11, 0, 128);"&gt;[8]&lt;/a&gt;&lt;a href="https://en.wikipedia.org/wiki/Barack_Obama#cite_note-9" target="_blank" style="background-color: initial; color: rgb(11, 0, 128);"&gt;[9]&lt;/a&gt;&amp;nbsp;He is the only president who was born outside of the&amp;nbsp;&lt;a href="https://en.wikipedia.org/wiki/Contiguous_United_States" target="_blank" style="background-color: initial; color: rgb(11, 0, 128);"&gt;contiguous 48 states&lt;/a&gt;.&lt;a href="https://en.wikipedia.org/wiki/Barack_Obama#cite_note-BarretoO'Bryant2013-10" target="_blank" style="background-color: initial; color: rgb(11, 0, 128);"&gt;[10]&lt;/a&gt;&amp;nbsp;He was born to a white mother and a black father. His mother,&amp;nbsp;&lt;a href="https://en.wikipedia.org/wiki/Ann_Dunham" target="_blank" style="background-color: initial; color: rgb(11, 0, 128);"&gt;Ann Dunham&lt;/a&gt;&amp;nbsp;(1942–1995), was born in&amp;nbsp;&lt;a href="https://en.wikipedia.org/wiki/Wichita,_Kansas" target="_blank" style="background-color: initial; color: rgb(11, 0, 128);"&gt;Wichita, Kansas&lt;/a&gt;; she was mostly of English descent,&lt;a href="https://en.wikipedia.org/wiki/Barack_Obama#cite_note-11" target="_blank" style="background-color: initial; color: rgb(11, 0, 128);"&gt;[11]&lt;/a&gt;&amp;nbsp;with some German, Irish, Scottish, Swiss, and Welsh ancestry.&lt;a href="https://en.wikipedia.org/wiki/Barack_Obama#cite_note-12" target="_blank" style="background-color: initial; color: rgb(11, 0, 128);"&gt;[12]&lt;/a&gt;&amp;nbsp;His father,&amp;nbsp;&lt;a href="https://en.wikipedia.org/wiki/Barack_Obama_Sr." target="_blank" style="background-color: initial; color: rgb(11, 0, 128);"&gt;Barack Obama Sr.&lt;/a&gt;&amp;nbsp;(1936–1982), was a&amp;nbsp;&lt;a href="https://en.wikipedia.org/wiki/Luo_people_of_Kenya_and_Tanzania" target="_blank" style="background-color: initial; color: rgb(11, 0, 128);"&gt;Luo Kenyan&lt;/a&gt;&amp;nbsp;from&amp;nbsp;&lt;a href="https://en.wikipedia.org/wiki/Nyang%27oma_Kogelo" target="_blank" style="background-color: initial; color: rgb(11, 0, 128);"&gt;Nyang'oma Kogelo&lt;/a&gt;. Obama's parents met in 1960 in a&amp;nbsp;&lt;a href="https://en.wikipedia.org/wiki/Russian_language" target="_blank" style="background-color: initial; color: rgb(11, 0, 128);"&gt;Russian language&lt;/a&gt;&amp;nbsp;class at the&amp;nbsp;&lt;a href="https://en.wikipedia.org/wiki/University_of_Hawaii_at_Manoa" target="_blank" style="background-color: initial; color: rgb(11, 0, 128);"&gt;University of Hawaii at Manoa&lt;/a&gt;, where his father was a foreign student on a scholarship.&lt;a href="https://en.wikipedia.org/wiki/Barack_Obama#cite_note-Jones_2007-13" target="_blank" style="background-color: initial; color: rgb(11, 0, 128);"&gt;[13]&lt;/a&gt;&lt;a href="https://en.wikipedia.org/wiki/Barack_Obama#cite_note-Obama_1995,_2004,_pp._9%E2%80%9310-14" target="_blank" style="background-color: initial; color: rgb(11, 0, 128);"&gt;[14]&lt;/a&gt;&amp;nbsp;The couple married in&amp;nbsp;&lt;a href="https://en.wikipedia.org/wiki/Wailuku,_Hawaii" target="_blank" style="background-color: initial; color: rgb(11, 0, 128);"&gt;Wailuku, Hawaii&lt;/a&gt;, on February 2, 1961, six months before Obama was born.&lt;a href="https://en.wikipedia.org/wiki/Barack_Obama#cite_note-Ripley_2008-15" target="_blank" style="background-color: initial; color: rgb(11, 0, 128);"&gt;[15]&lt;/a&gt;&lt;a href="https://en.wikipedia.org/wiki/Barack_Obama#cite_note-16" target="_blank" style="background-color: initial; color: rgb(11, 0, 128);"&gt;[16]&lt;/a&gt;&lt;/p&gt;&lt;p&gt;In late August 1961 (a few weeks after he was born), Barack and his mother moved to the&amp;nbsp;&lt;a href="https://en.wikipedia.org/wiki/University_of_Washington" target="_blank" style="background-color: initial; color: rgb(11, 0, 128);"&gt;University of Washington&lt;/a&gt;&amp;nbsp;in&amp;nbsp;&lt;a href="https://en.wikipedia.org/wiki/Seattle" target="_blank" style="background-color: initial; color: rgb(11, 0, 128);"&gt;Seattle&lt;/a&gt;, where they lived for a year. During that time, the elder Obama completed his undergraduate degree in&amp;nbsp;&lt;a href="https://en.wikipedia.org/wiki/Economics" target="_blank" style="background-color: initial; color: rgb(11, 0, 128);"&gt;economics&lt;/a&gt;&amp;nbsp;in Hawaii, graduating in June 1962. He then left to attend graduate school on a scholarship at&amp;nbsp;&lt;a href="https://en.wikipedia.org/wiki/Harvard_University" target="_blank" style="background-color: initial; color: rgb(11, 0, 128);"&gt;Harvard University&lt;/a&gt;, where he earned an&amp;nbsp;&lt;a href="https://en.wikipedia.org/wiki/Master_of_Arts" target="_blank" style="background-color: initial; color: rgb(11, 0, 128);"&gt;M.A.&lt;/a&gt;&amp;nbsp;in economics. Obama's parents divorced in March 1964.&lt;a href="https://en.wikipedia.org/wiki/Barack_Obama#cite_note-17" target="_blank" style="background-color: initial; color: rgb(11, 0, 128);"&gt;[17]&lt;/a&gt;&amp;nbsp;Obama Sr. returned to Kenya in 1964, where he married for a third time and worked for the Kenyan government as the Senior Economic Analyst in the Ministry of Finance.&lt;a href="https://en.wikipedia.org/wiki/Barack_Obama#cite_note-18" target="_blank" style="background-color: initial; color: rgb(11, 0, 128);"&gt;[18]&lt;/a&gt;&amp;nbsp;He visited his son in Hawaii only once, at Christmas time in 1971,&lt;a href="https://en.wikipedia.org/wiki/Barack_Obama#cite_note-19" target="_blank" style="background-color: initial; color: rgb(11, 0, 128);"&gt;[19]&lt;/a&gt;&amp;nbsp;before he was killed in an automobile accident in 1982, when Obama was 21 years old.&lt;a href="https://en.wikipedia.org/wiki/Barack_Obama#cite_note-20" target="_blank" style="background-color: initial; color: rgb(11, 0, 128);"&gt;[20]&lt;/a&gt;&amp;nbsp;Recalling his early childhood, Obama said, "That my father looked nothing like the people around me – that he was black as pitch, my mother white as milk – barely registered in my mind."&lt;a href="https://en.wikipedia.org/wiki/Barack_Obama#cite_note-Obama_1995,_2004,_pp._9%E2%80%9310-14" target="_blank" style="background-color: initial; color: rgb(11, 0, 128);"&gt;[14]&lt;/a&gt;&amp;nbsp;He described his struggles as a young adult to reconcile social perceptions of his multiracial heritage.&lt;a href="https://en.wikipedia.org/wiki/Barack_Obama#cite_note-21" target="_blank" style="background-color: initial; color: rgb(11, 0, 128);"&gt;[21]&lt;/a&gt;&lt;/p&gt;&lt;p&gt;In 1963, Dunham met&amp;nbsp;&lt;a href="https://en.wikipedia.org/wiki/Lolo_Soetoro" target="_blank" style="background-color: initial; color: rgb(11, 0, 128);"&gt;Lolo Soetoro&lt;/a&gt;&amp;nbsp;at the&amp;nbsp;&lt;a href="https://en.wikipedia.org/wiki/University_of_Hawaii" target="_blank" style="background-color: initial; color: rgb(11, 0, 128);"&gt;University of Hawaii&lt;/a&gt;; he was an&amp;nbsp;&lt;a href="https://en.wikipedia.org/wiki/Native_Indonesian" target="_blank" style="background-color: initial; color: rgb(11, 0, 128);"&gt;Indonesian&lt;/a&gt;&amp;nbsp;&lt;a href="https://en.wikipedia.org/wiki/East%E2%80%93West_Center" target="_blank" style="background-color: initial; color: rgb(11, 0, 128);"&gt;East–West Center&lt;/a&gt;&amp;nbsp;&lt;a href="https://en.wikipedia.org/wiki/Graduate_student" target="_blank" style="background-color: initial; color: rgb(11, 0, 128);"&gt;graduate student&lt;/a&gt;&amp;nbsp;in&amp;nbsp;&lt;a href="https://en.wikipedia.org/wiki/Geography" target="_blank" style="background-color: initial; color: rgb(11, 0, 128);"&gt;geography&lt;/a&gt;. The couple married on&amp;nbsp;&lt;a href="https://en.wikipedia.org/wiki/Molokai" target="_blank" style="background-color: initial; color: rgb(11, 0, 128);"&gt;Molokai&lt;/a&gt;&amp;nbsp;on March 15, 1965.&lt;a href="https://en.wikipedia.org/wiki/Barack_Obama#cite_note-22" target="_blank" style="background-color: initial; color: rgb(11, 0, 128);"&gt;[22]&lt;/a&gt;&amp;nbsp;After two one-year extensions of his&amp;nbsp;&lt;a href="https://en.wikipedia.org/wiki/J-1_visa" target="_blank" style="background-color: initial; color: rgb(11, 0, 128);"&gt;J-1 visa&lt;/a&gt;, Lolo returned to&amp;nbsp;&lt;a href="https://en.wikipedia.org/wiki/Indonesia" target="_blank" style="background-color: initial; color: rgb(11, 0, 128);"&gt;Indonesia&lt;/a&gt;&amp;nbsp;in 1966. His wife and stepson followed sixteen months later in 1967. The family initially lived in the Menteng Dalam neighborhood in the&amp;nbsp;&lt;a href="https://en.wikipedia.org/wiki/Tebet,_South_Jakarta" target="_blank" style="background-color: initial; color: rgb(11, 0, 128);"&gt;Tebet&lt;/a&gt;&amp;nbsp;subdistrict of&amp;nbsp;&lt;a href="https://en.wikipedia.org/wiki/South_Jakarta" target="_blank" style="background-color: initial; color: rgb(11, 0, 128);"&gt;south Jakarta&lt;/a&gt;. From 1970, they lived in a wealthier neighborhood in the&amp;nbsp;&lt;a href="https://en.wikipedia.org/wiki/Menteng" target="_blank" style="background-color: initial; color: rgb(11, 0, 128);"&gt;Menteng&lt;/a&gt;&amp;nbsp;subdistrict of&amp;nbsp;&lt;a href="https://en.wikipedia.org/wiki/Central_Jakarta" target="_blank" style="background-color: initial; color: rgb(11, 0, 128);"&gt;central Jakarta&lt;/a&gt;.&lt;a href="https://en.wikipedia.org/wiki/Barack_Obama#cite_note-23" target="_blank" style="background-color: initial; color: rgb(11, 0, 128);"&gt;[23]&lt;/a&gt;&lt;/p&gt;&lt;h3&gt;Education&lt;/h3&gt;&lt;p&gt;Obama started out in St. Francis Pre-Education from age three to five. From age six to ten, he then attended local&amp;nbsp;&lt;a href="https://en.wikipedia.org/wiki/Indonesian_Language" target="_blank" style="background-color: initial; color: rgb(11, 0, 128);"&gt;Indonesian-language&lt;/a&gt;&amp;nbsp;schools:&amp;nbsp;&lt;em&gt;Sekolah Dasar Katolik Santo Fransiskus Asisi&lt;/em&gt;&amp;nbsp;(St. Francis of Assisi Catholic Elementary School) for two years and&amp;nbsp;&lt;a href="https://en.wikipedia.org/wiki/State_Elementary_School_Menteng_01" target="_blank" style="background-color: initial; color: rgb(11, 0, 128);"&gt;&lt;em&gt;Sekolah Dasar Negeri Menteng 01&lt;/em&gt;&lt;/a&gt;&amp;nbsp;(State Elementary School Menteng 01/Besuki school) for one and a half years, supplemented by English-language&amp;nbsp;&lt;a href="https://en.wikipedia.org/wiki/Calvert_School" target="_blank" style="background-color: initial; color: rgb(11, 0, 128);"&gt;Calvert School&lt;/a&gt;&amp;nbsp;homeschooling by his mother.&lt;a href="https://en.wikipedia.org/wiki/Barack_Obama#cite_note-24" target="_blank" style="background-color: initial; color: rgb(11, 0, 128);"&gt;[24]&lt;/a&gt;&lt;a href="https://en.wikipedia.org/wiki/Barack_Obama#cite_note-25" target="_blank" style="background-color: initial; color: rgb(11, 0, 128);"&gt;[25]&lt;/a&gt;&amp;nbsp;As a result of those four years in&amp;nbsp;&lt;a href="https://en.wikipedia.org/wiki/Jakarta" target="_blank" style="background-color: initial; color: rgb(11, 0, 128);"&gt;Jakarta&lt;/a&gt;, he was able to speak&amp;nbsp;&lt;a href="https://en.wikipedia.org/wiki/Indonesian_language" target="_blank" style="background-color: initial; color: rgb(11, 0, 128);"&gt;Indonesian&lt;/a&gt;&amp;nbsp;fluently as a child.&lt;a href="https://en.wikipedia.org/wiki/Barack_Obama#cite_note-26" target="_blank" style="background-color: initial; color: rgb(11, 0, 128);"&gt;[26]&lt;/a&gt;&lt;a href="https://en.wikipedia.org/wiki/Barack_Obama#cite_note-in_Jakarta-27" target="_blank" style="background-color: initial; color: rgb(11, 0, 128);"&gt;[27]&lt;/a&gt;&lt;a href="https://en.wikipedia.org/wiki/Barack_Obama#cite_note-in_Jakarta2-28" target="_blank" style="background-color: initial; color: rgb(11, 0, 128);"&gt;[28]&lt;/a&gt;&amp;nbsp;During his time in Indonesia, Obama's step-father taught him to be resilient and gave him "a pretty hardheaded assessment of how the world works".&lt;a href="https://en.wikipedia.org/wiki/Barack_Obama#cite_note-29" target="_blank" style="background-color: initial; color: rgb(11, 0, 128);"&gt;[29]&lt;/a&gt;&lt;/p&gt;&lt;p&gt;In 1971, Obama returned to&amp;nbsp;&lt;a href="https://en.wikipedia.org/wiki/Honolulu" target="_blank" style="background-color: initial; color: rgb(11, 0, 128);"&gt;Honolulu&lt;/a&gt;&amp;nbsp;to live with his maternal grandparents,&amp;nbsp;&lt;a href="https://en.wikipedia.org/wiki/Madelyn_Dunham" target="_blank" style="background-color: initial; color: rgb(11, 0, 128);"&gt;Madelyn&lt;/a&gt;&amp;nbsp;and&amp;nbsp;&lt;a href="https://en.wikipedia.org/wiki/Stanley_Armour_Dunham" target="_blank" style="background-color: initial; color: rgb(11, 0, 128);"&gt;Stanley Dunham&lt;/a&gt;. He attended&amp;nbsp;&lt;a href="https://en.wikipedia.org/wiki/Punahou_School" target="_blank" style="background-color: initial; color: rgb(11, 0, 128);"&gt;Punahou School&lt;/a&gt;— a private&amp;nbsp;&lt;a href="https://en.wikipedia.org/wiki/University-preparatory_school" target="_blank" style="background-color: initial; color: rgb(11, 0, 128);"&gt;college preparatory school&lt;/a&gt;— with the aid of a scholarship from fifth grade until he graduated from high school in 1979.&lt;a href="https://en.wikipedia.org/wiki/Barack_Obama#cite_note-30" target="_blank" style="background-color: initial; color: rgb(11, 0, 128);"&gt;[30]&lt;/a&gt;&amp;nbsp;In his youth, Obama went by the nickname "Barry".&lt;a href="https://en.wikipedia.org/wiki/Barack_Obama#cite_note-31" target="_blank" style="background-color: initial; color: rgb(11, 0, 128);"&gt;[31]&lt;/a&gt;Obama lived with his mother and half-sister,&amp;nbsp;&lt;a href="https://en.wikipedia.org/wiki/Maya_Soetoro-Ng" target="_blank" style="background-color: initial; color: rgb(11, 0, 128);"&gt;Maya Soetoro&lt;/a&gt;, in Hawaii for three years from 1972 to 1975 while his mother was a graduate student in&amp;nbsp;&lt;a href="https://en.wikipedia.org/wiki/Anthropology" target="_blank" style="background-color: initial; color: rgb(11, 0, 128);"&gt;anthropology&lt;/a&gt;&amp;nbsp;at the&amp;nbsp;&lt;a href="https://en.wikipedia.org/wiki/University_of_Hawaii" target="_blank" style="background-color: initial; color: rgb(11, 0, 128);"&gt;University of Hawaii&lt;/a&gt;.&lt;a href="https://en.wikipedia.org/wiki/Barack_Obama#cite_note-32" target="_blank" style="background-color: initial; color: rgb(11, 0, 128);"&gt;[32]&lt;/a&gt;&amp;nbsp;Obama chose to stay in Hawaii with his grandparents for high school at&amp;nbsp;&lt;a href="https://en.wikipedia.org/wiki/Punahou_School" target="_blank" style="background-color: initial; color: rgb(11, 0, 128);"&gt;Punahou&lt;/a&gt;&amp;nbsp;when his mother and half-sister returned to Indonesia in 1975 so his mother could begin anthropology field work.&lt;a href="https://en.wikipedia.org/wiki/Barack_Obama#cite_note-33" target="_blank" style="background-color: initial; color: rgb(11, 0, 128);"&gt;[33]&lt;/a&gt;&amp;nbsp;His mother spent most of the next two decades in Indonesia, divorcing Lolo in 1980 and earning a&amp;nbsp;&lt;a href="https://en.wikipedia.org/wiki/PhD" target="_blank" style="background-color: initial; color: rgb(11, 0, 128);"&gt;PhD&lt;/a&gt;&amp;nbsp;degree in 1992, before dying in 1995 in Hawaii following unsuccessful treatment for&amp;nbsp;&lt;a href="https://en.wikipedia.org/wiki/Ovarian_cancer" target="_blank" style="background-color: initial; color: rgb(11, 0, 128);"&gt;ovarian&lt;/a&gt;&amp;nbsp;and&amp;nbsp;&lt;a href="https://en.wikipedia.org/wiki/Uterine_cancer" target="_blank" style="background-color: initial; color: rgb(11, 0, 128);"&gt;uterine cancer&lt;/a&gt;.&lt;a href="https://en.wikipedia.org/wiki/Barack_Obama#cite_note-34" target="_blank" style="background-color: initial; color: rgb(11, 0, 128);"&gt;[34]&lt;/a&gt;&lt;/p&gt;&lt;p&gt;Obama later reflected on his years in Honolulu and wrote: "The opportunity that Hawaii offered – to experience a variety of cultures in a climate of mutual respect – became an integral part of my world view, and a basis for the values that I hold most dear."&lt;a href="https://en.wikipedia.org/wiki/Barack_Obama#cite_note-35" target="_blank" style="background-color: initial; color: rgb(11, 0, 128);"&gt;[35]&lt;/a&gt;&amp;nbsp;Obama has also written and talked about using alcohol,&amp;nbsp;&lt;a href="https://en.wikipedia.org/wiki/Marijuana" target="_blank" style="background-color: initial; color: rgb(11, 0, 128);"&gt;marijuana&lt;/a&gt;, and&amp;nbsp;&lt;a href="https://en.wikipedia.org/wiki/Cocaine" target="_blank" style="background-color: initial; color: rgb(11, 0, 128);"&gt;cocaine&lt;/a&gt;&amp;nbsp;during his teenage years to "push questions of who I was out of my mind".&lt;a href="https://en.wikipedia.org/wiki/Barack_Obama#cite_note-36" target="_blank" style="background-color: initial; color: rgb(11, 0, 128);"&gt;[36]&lt;/a&gt;&amp;nbsp;Obama was also a member of the "choom gang", a self-named group of friends that spent time together and occasionally smoked marijuana.&lt;a href="https://en.wikipedia.org/wiki/Barack_Obama#cite_note-37" target="_blank" style="background-color: initial; color: rgb(11, 0, 128);"&gt;[37]&lt;/a&gt;&lt;a href="https://en.wikipedia.org/wiki/Barack_Obama#cite_note-38" target="_blank" style="background-color: initial; color: rgb(11, 0, 128);"&gt;[38]&lt;/a&gt;&lt;/p&gt;&lt;p&gt;After graduating from high school in 1979, Obama moved to Los Angeles to attend&amp;nbsp;&lt;a href="https://en.wikipedia.org/wiki/Occidental_College" target="_blank" style="background-color: initial; color: rgb(11, 0, 128);"&gt;Occidental College&lt;/a&gt;. In February 1981, Obama made his first public speech, calling for Occidental to participate in the&amp;nbsp;&lt;a href="https://en.wikipedia.org/wiki/Disinvestment_from_South_Africa" target="_blank" style="background-color: initial; color: rgb(11, 0, 128);"&gt;disinvestment from South Africa&lt;/a&gt;&amp;nbsp;in response to that nation's policy of&amp;nbsp;&lt;a href="https://en.wikipedia.org/wiki/Apartheid" target="_blank" style="background-color: initial; color: rgb(11, 0, 128);"&gt;apartheid&lt;/a&gt;.&lt;a href="https://en.wikipedia.org/wiki/Barack_Obama#cite_note-Occidental-39" target="_blank" style="background-color: initial; color: rgb(11, 0, 128);"&gt;[39]&lt;/a&gt;&amp;nbsp;In mid-1981, Obama traveled to Indonesia to visit his mother and half-sister Maya, and visited the families of college friends in Pakistan and India for three weeks.&lt;a href="https://en.wikipedia.org/wiki/Barack_Obama#cite_note-Occidental-39" target="_blank" style="background-color: initial; color: rgb(11, 0, 128);"&gt;[39]&lt;/a&gt;&amp;nbsp;Later in 1981, he transferred as a junior to&amp;nbsp;&lt;a href="https://en.wikipedia.org/wiki/Columbia_College,_Columbia_University" target="_blank" style="background-color: initial; color: rgb(11, 0, 128);"&gt;Columbia University&lt;/a&gt;&amp;nbsp;in New York City, where he majored in&amp;nbsp;&lt;a href="https://en.wikipedia.org/wiki/Political_science" target="_blank" style="background-color: initial; color: rgb(11, 0, 128);"&gt;political science&lt;/a&gt;&amp;nbsp;with a specialty in&amp;nbsp;&lt;a href="https://en.wikipedia.org/wiki/International_relations" target="_blank" style="background-color: initial; color: rgb(11, 0, 128);"&gt;international relations&lt;/a&gt;&lt;a href="https://en.wikipedia.org/wiki/Barack_Obama#cite_note-40" target="_blank" style="background-color: initial; color: rgb(11, 0, 128);"&gt;[40]&lt;/a&gt;&amp;nbsp;and in&amp;nbsp;&lt;a href="https://en.wikipedia.org/wiki/English_literature" target="_blank" style="background-color: initial; color: rgb(11, 0, 128);"&gt;English literature&lt;/a&gt;&lt;a href="https://en.wikipedia.org/wiki/Barack_Obama#cite_note-41" target="_blank" style="background-color: initial; color: rgb(11, 0, 128);"&gt;[41]&lt;/a&gt;&amp;nbsp;and lived off-campus on West 109th Street.&lt;a href="https://en.wikipedia.org/wiki/Barack_Obama#cite_note-42" target="_blank" style="background-color: initial; color: rgb(11, 0, 128);"&gt;[42]&lt;/a&gt;&amp;nbsp;He graduated with a&amp;nbsp;&lt;a href="https://en.wikipedia.org/wiki/Bachelor_of_Arts" target="_blank" style="background-color: initial; color: rgb(11, 0, 128);"&gt;BA&lt;/a&gt;&amp;nbsp;degree in 1983 and worked for about a year at the&amp;nbsp;&lt;a href="https://en.wikipedia.org/wiki/Business_International_Corporation" target="_blank" style="background-color: initial; color: rgb(11, 0, 128);"&gt;Business International Corporation&lt;/a&gt;, where he was a financial researcher and writer,&lt;a href="https://en.wikipedia.org/wiki/Barack_Obama#cite_note-43" target="_blank" style="background-color: initial; color: rgb(11, 0, 128);"&gt;[43]&lt;/a&gt;&lt;a href="https://en.wikipedia.org/wiki/Barack_Obama#cite_note-44" target="_blank" style="background-color: initial; color: rgb(11, 0, 128);"&gt;[44]&lt;/a&gt;&amp;nbsp;then as a project coordinator for the&amp;nbsp;&lt;a href="https://en.wikipedia.org/wiki/New_York_Public_Interest_Research_Group" target="_blank" style="background-color: initial; color: rgb(11, 0, 128);"&gt;New York Public Interest Research Group&lt;/a&gt;&amp;nbsp;on the&amp;nbsp;&lt;a href="https://en.wikipedia.org/wiki/City_College_of_New_York" target="_blank" style="background-color: initial; color: rgb(11, 0, 128);"&gt;City College of New York&lt;/a&gt;&amp;nbsp;campus for three months in 1985.&lt;a href="https://en.wikipedia.org/wiki/Barack_Obama#cite_note-45" target="_blank" style="background-color: initial; color: rgb(11, 0, 128);"&gt;[45]&lt;/a&gt;&lt;a href="https://en.wikipedia.org/wiki/Barack_Obama#cite_note-Who's_Who_2008-46" target="_blank" style="background-color: initial; color: rgb(11, 0, 128);"&gt;[46]&lt;/a&gt;&lt;a href="https://en.wikipedia.org/wiki/Barack_Obama#cite_note-47" target="_blank" style="background-color: initial; color: rgb(11, 0, 128);"&gt;[47]&lt;/a&gt;&lt;/p&gt;&lt;h3&gt;Family and personal life&lt;/h3&gt;&lt;p&gt;&lt;em&gt;Main article:&amp;nbsp;&lt;/em&gt;&lt;a href="https://en.wikipedia.org/wiki/Family_of_Barack_Obama" target="_blank" style="background-color: initial; color: rgb(11, 0, 128);"&gt;&lt;em&gt;Family of Barack Obama&lt;/em&gt;&lt;/a&gt;&lt;/p&gt;&lt;p class="ql-align-center"&gt;&lt;br&gt;&lt;/p&gt;&lt;p class="ql-align-center"&gt;&lt;br&gt;&lt;/p&gt;&lt;p class="ql-align-center"&gt;	&lt;/p&gt;&lt;p class="ql-align-center"&gt;Obama posing in the&amp;nbsp;&lt;a href="https://en.wikipedia.org/wiki/Green_Room_(White_House)" target="_blank" style="background-color: initial; color: rgb(11, 0, 128);"&gt;Green Room&lt;/a&gt;of the White House with wife Michelle and daughters Sasha and Malia, 2009&lt;/p&gt;&lt;p&gt;In a 2006 interview, Obama highlighted the diversity of&amp;nbsp;&lt;a href="https://en.wikipedia.org/wiki/Family_of_Barack_Obama" target="_blank" style="background-color: initial; color: rgb(11, 0, 128);"&gt;his extended family&lt;/a&gt;: "It's like a little mini-United Nations", he said. "I've got relatives who look like&amp;nbsp;&lt;a href="https://en.wikipedia.org/wiki/Bernie_Mac" target="_blank" style="background-color: initial; color: rgb(11, 0, 128);"&gt;Bernie Mac&lt;/a&gt;, and I've got relatives who look like&amp;nbsp;&lt;a href="https://en.wikipedia.org/wiki/Margaret_Thatcher" target="_blank" style="background-color: initial; color: rgb(11, 0, 128);"&gt;Margaret Thatcher&lt;/a&gt;."&lt;a href="https://en.wikipedia.org/wiki/Barack_Obama#cite_note-48" target="_blank" style="background-color: initial; color: rgb(11, 0, 128);"&gt;[48]&lt;/a&gt;&amp;nbsp;Obama has a half-sister with whom he was raised (Maya Soetoro-Ng) and seven other half-siblings from his Kenyan father's family—six of them living.&lt;a href="https://en.wikipedia.org/wiki/Barack_Obama#cite_note-49" target="_blank" style="background-color: initial; color: rgb(11, 0, 128);"&gt;[49]&lt;/a&gt;&amp;nbsp;Obama's mother was survived by her Kansas-born mother,&amp;nbsp;&lt;a href="https://en.wikipedia.org/wiki/Madelyn_Dunham" target="_blank" style="background-color: initial; color: rgb(11, 0, 128);"&gt;Madelyn Dunham&lt;/a&gt;,&lt;a href="https://en.wikipedia.org/wiki/Barack_Obama#cite_note-50" target="_blank" style="background-color: initial; color: rgb(11, 0, 128);"&gt;[50]&lt;/a&gt;&amp;nbsp;until her death on November 2, 2008,&lt;a href="https://en.wikipedia.org/wiki/Barack_Obama#cite_note-51" target="_blank" style="background-color: initial; color: rgb(11, 0, 128);"&gt;[51]&lt;/a&gt;&amp;nbsp;two days before his election to the Presidency. Obama also has roots in Ireland; he met with his Irish cousins in&amp;nbsp;&lt;a href="https://en.wikipedia.org/wiki/Moneygall" target="_blank" style="background-color: initial; color: rgb(11, 0, 128);"&gt;Moneygall&lt;/a&gt;&amp;nbsp;in May 2011.&lt;a href="https://en.wikipedia.org/wiki/Barack_Obama#cite_note-52" target="_blank" style="background-color: initial; color: rgb(11, 0, 128);"&gt;[52]&lt;/a&gt;&amp;nbsp;In&amp;nbsp;&lt;em&gt;Dreams from My Father&lt;/em&gt;, Obama ties his mother's family history to possible Native American ancestors and distant relatives of&amp;nbsp;&lt;a href="https://en.wikipedia.org/wiki/Jefferson_Davis" target="_blank" style="background-color: initial; color: rgb(11, 0, 128);"&gt;Jefferson Davis&lt;/a&gt;,&amp;nbsp;&lt;a href="https://en.wikipedia.org/wiki/President_of_the_Confederate_States_of_America" target="_blank" style="background-color: initial; color: rgb(11, 0, 128);"&gt;President of the Confederate States of America&lt;/a&gt;&amp;nbsp;during the&amp;nbsp;&lt;a href="https://en.wikipedia.org/wiki/American_Civil_War" target="_blank" style="background-color: initial; color: rgb(11, 0, 128);"&gt;American Civil War&lt;/a&gt;. He also shares distant ancestors in common with&amp;nbsp;&lt;a href="https://en.wikipedia.org/wiki/George_W._Bush" target="_blank" style="background-color: initial; color: rgb(11, 0, 128);"&gt;George W. Bush&lt;/a&gt;&amp;nbsp;and&amp;nbsp;&lt;a href="https://en.wikipedia.org/wiki/Dick_Cheney" target="_blank" style="background-color: initial; color: rgb(11, 0, 128);"&gt;Dick Cheney&lt;/a&gt;, among others.&lt;a href="https://en.wikipedia.org/wiki/Barack_Obama#cite_note-53" target="_blank" style="background-color: initial; color: rgb(11, 0, 128);"&gt;[53]&lt;/a&gt;&lt;/p&gt;&lt;p&gt;&lt;br&gt;&lt;/p&gt;&lt;p class="ql-align-center"&gt;&lt;br&gt;&lt;/p&gt;&lt;p class="ql-align-center"&gt;&lt;br&gt;&lt;/p&gt;&lt;p class="ql-align-center"&gt;	&lt;/p&gt;&lt;p class="ql-align-center"&gt;Obama with&amp;nbsp;&lt;a href="https://en.wikipedia.org/wiki/Jonathan_Toews" target="_blank" style="background-color: initial; color: rgb(11, 0, 128);"&gt;Jonathan Toews&lt;/a&gt;&amp;nbsp;and the&amp;nbsp;&lt;a href="https://en.wikipedia.org/wiki/Stanley_Cup" target="_blank" style="background-color: initial; color: rgb(11, 0, 128);"&gt;Stanley Cup&lt;/a&gt;&amp;nbsp;champion&amp;nbsp;&lt;a href="https://en.wikipedia.org/wiki/Chicago_Blackhawks" target="_blank" style="background-color: initial; color: rgb(11, 0, 128);"&gt;Chicago Blackhawks&lt;/a&gt;, 2010&lt;/p&gt;&lt;p&gt;Obama is a supporter of the&amp;nbsp;&lt;a href="https://en.wikipedia.org/wiki/Chicago_White_Sox" target="_blank" style="background-color: initial; color: rgb(11, 0, 128);"&gt;Chicago White Sox&lt;/a&gt;, and he threw out the first pitch at the&amp;nbsp;&lt;a href="https://en.wikipedia.org/wiki/2005_American_League_Championship_Series" target="_blank" style="background-color: initial; color: rgb(11, 0, 128);"&gt;2005 ALCS&lt;/a&gt;&amp;nbsp;when he was still a senator.&lt;a href="https://en.wikipedia.org/wiki/Barack_Obama#cite_note-54" target="_blank" style="background-color: initial; color: rgb(11, 0, 128);"&gt;[54]&lt;/a&gt;&amp;nbsp;In 2009, he threw out the ceremonial first pitch at the&amp;nbsp;&lt;a href="https://en.wikipedia.org/wiki/2009_Major_League_Baseball_All-Star_Game" target="_blank" style="background-color: initial; color: rgb(11, 0, 128);"&gt;All-Star Game&lt;/a&gt;&amp;nbsp;while wearing a White Sox jacket.&lt;a href="https://en.wikipedia.org/wiki/Barack_Obama#cite_note-55" target="_blank" style="background-color: initial; color: rgb(11, 0, 128);"&gt;[55]&lt;/a&gt;&amp;nbsp;He is also primarily a&amp;nbsp;&lt;a href="https://en.wikipedia.org/wiki/Chicago_Bears" target="_blank" style="background-color: initial; color: rgb(11, 0, 128);"&gt;Chicago Bears&lt;/a&gt;&amp;nbsp;football fan in the&amp;nbsp;&lt;a href="https://en.wikipedia.org/wiki/National_Football_League" target="_blank" style="background-color: initial; color: rgb(11, 0, 128);"&gt;NFL&lt;/a&gt;, but in his childhood and adolescence was a&amp;nbsp;&lt;a href="https://en.wikipedia.org/wiki/Steeler_Nation" target="_blank" style="background-color: initial; color: rgb(11, 0, 128);"&gt;fan of the Pittsburgh Steelers&lt;/a&gt;, and rooted for them ahead of their victory in&amp;nbsp;&lt;a href="https://en.wikipedia.org/wiki/Super_Bowl_XLIII" target="_blank" style="background-color: initial; color: rgb(11, 0, 128);"&gt;Super Bowl XLIII&lt;/a&gt;&amp;nbsp;12 days after he took office as president.&lt;a href="https://en.wikipedia.org/wiki/Barack_Obama#cite_note-Steelers-56" target="_blank" style="background-color: initial; color: rgb(11, 0, 128);"&gt;[56]&lt;/a&gt;&amp;nbsp;In 2011, Obama invited the&amp;nbsp;&lt;a href="https://en.wikipedia.org/wiki/1985_Chicago_Bears_season" target="_blank" style="background-color: initial; color: rgb(11, 0, 128);"&gt;1985 Chicago Bears&lt;/a&gt;&amp;nbsp;to the White House; the team had not visited the White House after their&amp;nbsp;&lt;a href="https://en.wikipedia.org/wiki/Super_Bowl_XX" target="_blank" style="background-color: initial; color: rgb(11, 0, 128);"&gt;Super Bowl win&lt;/a&gt;&amp;nbsp;in 1986 due to the&amp;nbsp;&lt;a href="https://en.wikipedia.org/wiki/Space_Shuttle_Challenger_disaster" target="_blank" style="background-color: initial; color: rgb(11, 0, 128);"&gt;Space Shuttle Challenger disaster&lt;/a&gt;.&lt;a href="https://en.wikipedia.org/wiki/Barack_Obama#cite_note-57" target="_blank" style="background-color: initial; color: rgb(11, 0, 128);"&gt;[57]&lt;/a&gt;&amp;nbsp;He plays basketball, a sport he participated in as a member of his high school's varsity team,&lt;a href="https://en.wikipedia.org/wiki/Barack_Obama#cite_note-58" target="_blank" style="background-color: initial; color: rgb(11, 0, 128);"&gt;[58]&lt;/a&gt;&amp;nbsp;and he is left-handed.&lt;a href="https://en.wikipedia.org/wiki/Barack_Obama#cite_note-59" target="_blank" style="background-color: initial; color: rgb(11, 0, 128);"&gt;[59]&lt;/a&gt;&lt;/p&gt;&lt;p&gt;&lt;br&gt;&lt;/p&gt;&lt;p class="ql-align-center"&gt;&lt;br&gt;&lt;/p&gt;&lt;p class="ql-align-center"&gt;&lt;br&gt;&lt;/p&gt;&lt;p class="ql-align-center"&gt;	&lt;/p&gt;&lt;p class="ql-align-center"&gt;Obama taking a left-handed&amp;nbsp;&lt;a href="https://en.wikipedia.org/wiki/Jump_shot_(basketball)" target="_blank" style="background-color: initial; color: rgb(11, 0, 128);"&gt;jump shot&lt;/a&gt;&amp;nbsp;during a&amp;nbsp;&lt;a href="https://en.wikipedia.org/wiki/Pickup_game" target="_blank" style="background-color: initial; color: rgb(11, 0, 128);"&gt;pickup game&lt;/a&gt;&amp;nbsp;on the White House basketball court, 2009&lt;/p&gt;&lt;p&gt;Obama lived with anthropologist&amp;nbsp;&lt;a href="https://en.wikipedia.org/wiki/Sheila_Miyoshi_Jager" target="_blank" style="background-color: initial; color: rgb(11, 0, 128);"&gt;Sheila Miyoshi Jager&lt;/a&gt;&amp;nbsp;while he was a community organizer in Chicago in the 1980s.&lt;a href="https://en.wikipedia.org/wiki/Barack_Obama#cite_note-theindependentbeforemichelle-60" target="_blank" style="background-color: initial; color: rgb(11, 0, 128);"&gt;[60]&lt;/a&gt;&amp;nbsp;He proposed to her twice, but both Jager and her parents turned him down.&lt;a href="https://en.wikipedia.org/wiki/Barack_Obama#cite_note-theindependentbeforemichelle-60" target="_blank" style="background-color: initial; color: rgb(11, 0, 128);"&gt;[60]&lt;/a&gt;&lt;a href="https://en.wikipedia.org/wiki/Barack_Obama#cite_note-tobiasoberlincollegeprofessor-61" target="_blank" style="background-color: initial; color: rgb(11, 0, 128);"&gt;[61]&lt;/a&gt;&amp;nbsp;The relationship was only made public in May 2017, several months after Obama's presidency had ended.&lt;a href="https://en.wikipedia.org/wiki/Barack_Obama#cite_note-tobiasoberlincollegeprofessor-61" target="_blank" style="background-color: initial; color: rgb(11, 0, 128);"&gt;[61]&lt;/a&gt;&lt;/p&gt;&lt;p&gt;In June 1989, Obama met&amp;nbsp;&lt;a href="https://en.wikipedia.org/wiki/Michelle_Obama" target="_blank" style="background-color: initial; color: rgb(11, 0, 128);"&gt;Michelle Robinson&lt;/a&gt;&amp;nbsp;when he was employed as a summer associate at the Chicago law firm of&amp;nbsp;&lt;a href="https://en.wikipedia.org/wiki/Sidley_Austin" target="_blank" style="background-color: initial; color: rgb(11, 0, 128);"&gt;Sidley Austin&lt;/a&gt;.&lt;a href="https://en.wikipedia.org/wiki/Barack_Obama#cite_note-62" target="_blank" style="background-color: initial; color: rgb(11, 0, 128);"&gt;[62]&lt;/a&gt;&amp;nbsp;Robinson was assigned for three months as Obama's adviser at the firm, and she joined him at several group social functions but declined his initial requests to date.&lt;a href="https://en.wikipedia.org/wiki/Barack_Obama#cite_note-63" target="_blank" style="background-color: initial; color: rgb(11, 0, 128);"&gt;[63]&lt;/a&gt;&amp;nbsp;They began dating later that summer, became engaged in 1991, and were married on October 3, 1992.&lt;a href="https://en.wikipedia.org/wiki/Barack_Obama#cite_note-64" target="_blank" style="background-color: initial; color: rgb(11, 0, 128);"&gt;[64]&lt;/a&gt;&amp;nbsp;The couple's first daughter, Malia Ann, was born in 1998,&lt;a href="https://en.wikipedia.org/wiki/Barack_Obama#cite_note-65" target="_blank" style="background-color: initial; color: rgb(11, 0, 128);"&gt;[65]&lt;/a&gt;&amp;nbsp;followed by a second daughter, Natasha ("Sasha"), in 2001.&lt;a href="https://en.wikipedia.org/wiki/Barack_Obama#cite_note-66" target="_blank" style="background-color: initial; color: rgb(11, 0, 128);"&gt;[66]&lt;/a&gt;&amp;nbsp;The Obama daughters attended the&amp;nbsp;&lt;a href="https://en.wikipedia.org/wiki/University_of_Chicago_Laboratory_Schools" target="_blank" style="background-color: initial; color: rgb(11, 0, 128);"&gt;University of Chicago Laboratory Schools&lt;/a&gt;. When they moved to Washington, D.C., in January 2009, the girls started at the&amp;nbsp;&lt;a href="https://en.wikipedia.org/wiki/Sidwell_Friends_School" target="_blank" style="background-color: initial; color: rgb(11, 0, 128);"&gt;Sidwell Friends School&lt;/a&gt;.&lt;a href="https://en.wikipedia.org/wiki/Barack_Obama#cite_note-67" target="_blank" style="background-color: initial; color: rgb(11, 0, 128);"&gt;[67]&lt;/a&gt;&amp;nbsp;The Obamas have two&amp;nbsp;&lt;a href="https://en.wikipedia.org/wiki/Portuguese_Water_Dog" target="_blank" style="background-color: initial; color: rgb(11, 0, 128);"&gt;Portuguese Water Dogs&lt;/a&gt;; the first, a male named&amp;nbsp;&lt;a href="https://en.wikipedia.org/wiki/Bo_(dog)" target="_blank" style="background-color: initial; color: rgb(11, 0, 128);"&gt;Bo&lt;/a&gt;, was a gift from Senator&amp;nbsp;&lt;a href="https://en.wikipedia.org/wiki/Ted_Kennedy" target="_blank" style="background-color: initial; color: rgb(11, 0, 128);"&gt;Ted Kennedy&lt;/a&gt;.&lt;a href="https://en.wikipedia.org/wiki/Barack_Obama#cite_note-68" target="_blank" style="background-color: initial; color: rgb(11, 0, 128);"&gt;[68]&lt;/a&gt;&amp;nbsp;In 2013, Bo was joined by&amp;nbsp;&lt;a href="https://en.wikipedia.org/wiki/Sunny_(dog)" target="_blank" style="background-color: initial; color: rgb(11, 0, 128);"&gt;Sunny&lt;/a&gt;, a female.&lt;a href="https://en.wikipedia.org/wiki/Barack_Obama#cite_note-Feldmann-69" target="_blank" style="background-color: initial; color: rgb(11, 0, 128);"&gt;[69]&lt;/a&gt;&lt;/p&gt;&lt;p&gt;&lt;br&gt;&lt;/p&gt;&lt;p class="ql-align-center"&gt;&lt;br&gt;&lt;/p&gt;&lt;p class="ql-align-center"&gt;&lt;br&gt;&lt;/p&gt;&lt;p class="ql-align-center"&gt;	&lt;/p&gt;&lt;p class="ql-align-center"&gt;&lt;br&gt;&lt;/p&gt;&lt;p class="ql-align-center"&gt;Obama and his wife Michelle at the Civil Rights Summit at the&amp;nbsp;&lt;a href="https://en.wikipedia.org/wiki/LBJ_Presidential_Library" target="_blank" style="background-color: initial; color: rgb(11, 0, 128);"&gt;LBJ Presidential Library&lt;/a&gt;, 2014&lt;/p&gt;&lt;p&gt;In 2005, the family applied the proceeds of a book deal and moved from a&amp;nbsp;&lt;a href="https://en.wikipedia.org/wiki/Hyde_Park,_Chicago" target="_blank" style="background-color: initial; color: rgb(11, 0, 128);"&gt;Hyde Park, Chicago&lt;/a&gt;&amp;nbsp;condominium to a $1.6&amp;nbsp;million house (equivalent to $2.1&amp;nbsp;million in 2018) in neighboring&amp;nbsp;&lt;a href="https://en.wikipedia.org/wiki/Kenwood,_Chicago" target="_blank" style="background-color: initial; color: rgb(11, 0, 128);"&gt;Kenwood, Chicago&lt;/a&gt;.&lt;a href="https://en.wikipedia.org/wiki/Barack_Obama#cite_note-70" target="_blank" style="background-color: initial; color: rgb(11, 0, 128);"&gt;[70]&lt;/a&gt;&amp;nbsp;The purchase of an adjacent lot—and sale of part of it to Obama by the wife of developer, campaign donor and friend&amp;nbsp;&lt;a href="https://en.wikipedia.org/wiki/Tony_Rezko" target="_blank" style="background-color: initial; color: rgb(11, 0, 128);"&gt;Tony Rezko&lt;/a&gt;—attracted media attention because of Rezko's subsequent indictment and conviction on political corruption charges that were unrelated to Obama.&lt;a href="https://en.wikipedia.org/wiki/Barack_Obama#cite_note-corruption_charges-71" target="_blank" style="background-color: initial; color: rgb(11, 0, 128);"&gt;[71]&lt;/a&gt;&lt;/p&gt;&lt;p&gt;In December 2007,&amp;nbsp;&lt;a href="https://en.wikipedia.org/wiki/Money_(magazine)" target="_blank" style="background-color: initial; color: rgb(11, 0, 128);"&gt;&lt;em&gt;Money Magazine&lt;/em&gt;&lt;/a&gt;&amp;nbsp;estimated Obama's net worth at $1.3&amp;nbsp;million (equivalent to $1.6&amp;nbsp;million in 2018) .&lt;a href="https://en.wikipedia.org/wiki/Barack_Obama#cite_note-72" target="_blank" style="background-color: initial; color: rgb(11, 0, 128);"&gt;[72]&lt;/a&gt;&amp;nbsp;Their 2009 tax return showed a household income of $5.5&amp;nbsp;million—up from about $4.2&amp;nbsp;million in 2007 and $1.6&amp;nbsp;million in 2005—mostly from sales of his books.&lt;a href="https://en.wikipedia.org/wiki/Barack_Obama#cite_note-73" target="_blank" style="background-color: initial; color: rgb(11, 0, 128);"&gt;[73]&lt;/a&gt;&lt;a href="https://en.wikipedia.org/wiki/Barack_Obama#cite_note-74" target="_blank" style="background-color: initial; color: rgb(11, 0, 128);"&gt;[74]&lt;/a&gt;&amp;nbsp;On his 2010 income of $1.7&amp;nbsp;million, he gave 14% to non-profit organizations, including $131,000 to&amp;nbsp;&lt;a href="https://en.wikipedia.org/wiki/Fisher_House_Foundation" target="_blank" style="background-color: initial; color: rgb(11, 0, 128);"&gt;Fisher House Foundation&lt;/a&gt;, a charity assisting wounded veterans' families, allowing them to reside near where the veteran is receiving medical treatments.&lt;a href="https://en.wikipedia.org/wiki/Barack_Obama#cite_note-75" target="_blank" style="background-color: initial; color: rgb(11, 0, 128);"&gt;[75]&lt;/a&gt;&lt;a href="https://en.wikipedia.org/wiki/Barack_Obama#cite_note-76" target="_blank" style="background-color: initial; color: rgb(11, 0, 128);"&gt;[76]&lt;/a&gt;&amp;nbsp;Per his 2012 financial disclosure, Obama may be worth as much as $10&amp;nbsp;million.&lt;a href="https://en.wikipedia.org/wiki/Barack_Obama#cite_note-networth12-77" target="_blank" style="background-color: initial; color: rgb(11, 0, 128);"&gt;[77]&lt;/a&gt;&lt;/p&gt;&lt;p&gt;In early 2010, Michelle spoke about her husband's smoking habit and said that Barack had quit smoking.&lt;a href="https://en.wikipedia.org/wiki/Barack_Obama#cite_note-reuters-smoking-78" target="_blank" style="background-color: initial; color: rgb(11, 0, 128);"&gt;[78]&lt;/a&gt;&lt;a href="https://en.wikipedia.org/wiki/Barack_Obama#cite_note-79" target="_blank" style="background-color: initial; color: rgb(11, 0, 128);"&gt;[79]&lt;/a&gt;&lt;/p&gt;&lt;p&gt;On his 55th birthday, August 4, 2016, Obama penned an essay in&amp;nbsp;&lt;a href="https://en.wikipedia.org/wiki/Glamour_(magazine)" target="_blank" style="background-color: initial; color: rgb(11, 0, 128);"&gt;&lt;em&gt;Glamour&lt;/em&gt;&lt;/a&gt;, in which he described how his daughters and the presidency have made him a&amp;nbsp;&lt;a href="https://en.wikipedia.org/wiki/Feminist" target="_blank" style="background-color: initial; color: rgb(11, 0, 128);"&gt;feminist&lt;/a&gt;.&lt;a href="https://en.wikipedia.org/wiki/Barack_Obama#cite_note-80" target="_blank" style="background-color: initial; color: rgb(11, 0, 128);"&gt;[80]&lt;/a&gt;&lt;a href="https://en.wikipedia.org/wiki/Barack_Obama#cite_note-81" target="_blank" style="background-color: initial; color: rgb(11, 0, 128);"&gt;[81]&lt;/a&gt;&lt;a href="https://en.wikipedia.org/wiki/Barack_Obama#cite_note-82" target="_blank" style="background-color: initial; color: rgb(11, 0, 128);"&gt;[82]&lt;/a&gt;&lt;/p&gt;&lt;h4&gt;Religious views&lt;/h4&gt;&lt;p&gt;Obama is a&amp;nbsp;&lt;a href="https://en.wikipedia.org/wiki/Protestant" target="_blank" style="background-color: initial; color: rgb(11, 0, 128);"&gt;Protestant&lt;/a&gt;&amp;nbsp;Christian whose religious views developed in his adult life.&lt;a href="https://en.wikipedia.org/wiki/Barack_Obama#cite_note-Christian-83" target="_blank" style="background-color: initial; color: rgb(11, 0, 128);"&gt;[83]&lt;/a&gt;&amp;nbsp;He wrote in&amp;nbsp;&lt;a href="https://en.wikipedia.org/wiki/The_Audacity_of_Hope" target="_blank" style="background-color: initial; color: rgb(11, 0, 128);"&gt;&lt;em&gt;The Audacity of Hope&lt;/em&gt;&lt;/a&gt;&amp;nbsp;that he "was not raised in a religious household". He described his mother, raised by non-religious parents, as being detached from religion, yet "in many ways the most spiritually awakened person that I have ever known." He described his father as a "confirmed&amp;nbsp;&lt;a href="https://en.wikipedia.org/wiki/Atheism" target="_blank" style="background-color: initial; color: rgb(11, 0, 128);"&gt;atheist&lt;/a&gt;" by the time his parents met, and his stepfather as "a man who saw religion as not particularly useful." Obama explained how, through working with&amp;nbsp;&lt;a href="https://en.wikipedia.org/wiki/Black_church" target="_blank" style="background-color: initial; color: rgb(11, 0, 128);"&gt;black churches&lt;/a&gt;&amp;nbsp;as a&amp;nbsp;&lt;a href="https://en.wikipedia.org/wiki/Community_organizing" target="_blank" style="background-color: initial; color: rgb(11, 0, 128);"&gt;community organizer&lt;/a&gt;&amp;nbsp;while in his twenties, he came to understand "the power of the African-American religious tradition to spur social change."&lt;a href="https://en.wikipedia.org/wiki/Barack_Obama#cite_note-social_change-84" target="_blank" style="background-color: initial; color: rgb(11, 0, 128);"&gt;[84]&lt;/a&gt;&lt;/p&gt;&lt;p&gt;&lt;br&gt;&lt;/p&gt;&lt;p class="ql-align-center"&gt;&lt;br&gt;&lt;/p&gt;&lt;p class="ql-align-center"&gt;&lt;br&gt;&lt;/p&gt;&lt;p class="ql-align-center"&gt;	&lt;/p&gt;&lt;p class="ql-align-center"&gt;The Obamas worship at&amp;nbsp;&lt;a href="https://en.wikipedia.org/wiki/African_Methodist_Episcopal_Church" target="_blank" style="background-color: initial; color: rgb(11, 0, 128);"&gt;African Methodist Episcopal Church&lt;/a&gt;&amp;nbsp;in Washington, D.C., January 2013&lt;/p&gt;&lt;p&gt;In January 2008, Obama told&amp;nbsp;&lt;a href="https://en.wikipedia.org/wiki/Christianity_Today" target="_blank" style="background-color: initial; color: rgb(11, 0, 128);"&gt;&lt;em&gt;Christianity Today&lt;/em&gt;&lt;/a&gt;: "I am a Christian, and I am a devout Christian. I believe in the&amp;nbsp;&lt;a href="https://en.wikipedia.org/wiki/Redeemer_(Christianity)" target="_blank" style="background-color: initial; color: rgb(11, 0, 128);"&gt;redemptive death&lt;/a&gt;&amp;nbsp;and&amp;nbsp;&lt;a href="https://en.wikipedia.org/wiki/Resurrection_of_Jesus" target="_blank" style="background-color: initial; color: rgb(11, 0, 128);"&gt;resurrection of Jesus&lt;/a&gt;&amp;nbsp;Christ. I believe that faith gives me a path to be cleansed of sin and have eternal life."&lt;a href="https://en.wikipedia.org/wiki/Barack_Obama#cite_note-85" target="_blank" style="background-color: initial; color: rgb(11, 0, 128);"&gt;[85]&lt;/a&gt;&amp;nbsp;On September 27, 2010, Obama released a statement commenting on his religious views saying, "I'm a Christian by choice. My family didn't – frankly, they weren't folks who went to church every week. And my mother was one of the most spiritual people I knew, but she didn't raise me in the church. So I came to my Christian faith later in life, and it was because the precepts of Jesus Christ spoke to me in terms of the kind of life that I would want to lead – being my brothers' and sisters' keeper,&amp;nbsp;&lt;a href="https://en.wikipedia.org/wiki/Golden_Rule" target="_blank" style="background-color: initial; color: rgb(11, 0, 128);"&gt;treating others as they would treat me&lt;/a&gt;."&lt;a href="https://en.wikipedia.org/wiki/Barack_Obama#cite_note-APbychoice-86" target="_blank" style="background-color: initial; color: rgb(11, 0, 128);"&gt;[86]&lt;/a&gt;&lt;a href="https://en.wikipedia.org/wiki/Barack_Obama#cite_note-ABCVideobychoice-87" target="_blank" style="background-color: initial; color: rgb(11, 0, 128);"&gt;[87]&lt;/a&gt;&lt;/p&gt;&lt;p&gt;Obama met&amp;nbsp;&lt;a href="https://en.wikipedia.org/wiki/Trinity_United_Church_of_Christ" target="_blank" style="background-color: initial; color: rgb(11, 0, 128);"&gt;Trinity United Church of Christ&lt;/a&gt;&amp;nbsp;pastor Rev.&amp;nbsp;&lt;a href="https://en.wikipedia.org/wiki/Jeremiah_Wright" target="_blank" style="background-color: initial; color: rgb(11, 0, 128);"&gt;Jeremiah Wright&lt;/a&gt;&amp;nbsp;in October 1987 and became a member of Trinity in 1992.&lt;a href="https://en.wikipedia.org/wiki/Barack_Obama#cite_note-Trinity-88" target="_blank" style="background-color: initial; color: rgb(11, 0, 128);"&gt;[88]&lt;/a&gt;&amp;nbsp;During Obama's first presidential campaign in May 2008, he resigned from Trinity after&amp;nbsp;&lt;a href="https://en.wikipedia.org/wiki/Jeremiah_Wright_controversy" target="_blank" style="background-color: initial; color: rgb(11, 0, 128);"&gt;some of Wright's statements were criticized&lt;/a&gt;.&lt;a href="https://en.wikipedia.org/wiki/Barack_Obama#cite_note-89" target="_blank" style="background-color: initial; color: rgb(11, 0, 128);"&gt;[89]&lt;/a&gt;&amp;nbsp;Since moving to Washington, D.C., in 2009, the Obama family has attended several Protestant churches, including&amp;nbsp;&lt;a href="https://en.wikipedia.org/wiki/Shiloh_Baptist_Church_(Washington,_D.C.)" target="_blank" style="background-color: initial; color: rgb(11, 0, 128);"&gt;Shiloh Baptist Church&lt;/a&gt;&amp;nbsp;and&amp;nbsp;&lt;a href="https://en.wikipedia.org/wiki/St._John%27s_Episcopal_Church,_Lafayette_Square" target="_blank" style="background-color: initial; color: rgb(11, 0, 128);"&gt;St. John's Episcopal Church&lt;/a&gt;, as well as Evergreen Chapel at&amp;nbsp;&lt;a href="https://en.wikipedia.org/wiki/Camp_David" target="_blank" style="background-color: initial; color: rgb(11, 0, 128);"&gt;Camp David&lt;/a&gt;, but the members of the family do not attend church on a regular basis.&lt;a href="https://en.wikipedia.org/wiki/Barack_Obama#cite_note-90" target="_blank" style="background-color: initial; color: rgb(11, 0, 128);"&gt;[90]&lt;/a&gt;&lt;a href="https://en.wikipedia.org/wiki/Barack_Obama#cite_note-91" target="_blank" style="background-color: initial; color: rgb(11, 0, 128);"&gt;[91]&lt;/a&gt;&lt;a href="https://en.wikipedia.org/wiki/Barack_Obama#cite_note-92" target="_blank" style="background-color: initial; color: rgb(11, 0, 128);"&gt;[92]&lt;/a&gt;&lt;/p&gt;</value>
        </typedValue>
        <isEnvironmentSpecific>false</isEnvironmentSpecific>
    </constant>
    <roleMap public="true">
        <role inherit="true" allowForAll="false" name="readers">
            <users/>
            <groups/>
        </role>
        <role inherit="true" allowForAll="false" name="authors">
            <users/>
            <groups/>
        </role>
        <role inherit="true" allowForAll="false" name="administrators">
            <users/>
            <groups/>
        </role>
        <role inherit="false" allowForAll="false" name="denyReaders">
            <users/>
            <groups/>
        </role>
        <role inherit="false" allowForAll="false" name="denyAuthors">
            <users/>
            <groups/>
        </role>
        <role inherit="false" allowForAll="false" name="denyAdministrators">
            <users/>
            <groups/>
        </role>
    </roleMap>
    <history>
        <historyInfo versionUuid="_a-0000e23e-16b8-8000-ad28-01ef9001ef90_24459"/>
    </history>
</contentHaul>
