<?xml version="1.0" encoding="UTF-8" standalone="yes"?>
<contentHaul xmlns:a="http://www.appian.com/ae/types/2009">
    <versionUuid>_a-0000e224-c83f-8000-cd5e-01ef9001ef90_24097</versionUuid>
    <constant>
        <name>RT_EXAMPLE_HTML</name>
        <uuid>_a-0000e224-c83f-8000-cd5e-01ef9001ef90_24075</uuid>
        <description></description>
        <parentUuid>_a-0000e20e-f1f8-8000-c28e-03ef9003ef90_24075</parentUuid>
        <visibility>
            <advertise>false</advertise>
            <hierarchy>true</hierarchy>
            <indexable>true</indexable>
            <quota>false</quota>
            <searchable>true</searchable>
            <system>false</system>
            <unlogged>false</unlogged>
        </visibility>
        <typedValue>
            <type>
                <name>string</name>
                <namespace>http://www.w3.org/2001/XMLSchema</namespace>
            </type>
            <value>&lt;p&gt;&lt;strong&gt;Appian Corporation&lt;/strong&gt;&amp;nbsp;is a&amp;nbsp;&lt;a href="https://en.wikipedia.org/wiki/Cloud_computing" target="_blank" style="color: rgb(11, 0, 128);"&gt;cloud computing&lt;/a&gt;&amp;nbsp;company currently headquartered in&amp;nbsp;&lt;a href="https://en.wikipedia.org/wiki/Reston,_Virginia" target="_blank" style="color: rgb(11, 0, 128);"&gt;Reston, Virginia&lt;/a&gt;, part of the&amp;nbsp;&lt;a href="https://en.wikipedia.org/wiki/Dulles_Technology_Corridor" target="_blank" style="color: rgb(11, 0, 128);"&gt;Dulles Technology Corridor&lt;/a&gt;.&lt;a href="https://en.wikipedia.org/wiki/Appian_Corporation#cite_note-2" target="_blank" style="color: rgb(11, 0, 128);"&gt;&lt;sup&gt;[2]&lt;/sup&gt;&lt;/a&gt;&lt;/p&gt;</value>
        </typedValue>
        <isEnvironmentSpecific>false</isEnvironmentSpecific>
    </constant>
    <roleMap public="true">
        <role inherit="true" allowForAll="false" name="readers">
            <users/>
            <groups/>
        </role>
        <role inherit="true" allowForAll="false" name="authors">
            <users/>
            <groups/>
        </role>
        <role inherit="true" allowForAll="false" name="administrators">
            <users/>
            <groups/>
        </role>
        <role inherit="false" allowForAll="false" name="denyReaders">
            <users/>
            <groups/>
        </role>
        <role inherit="false" allowForAll="false" name="denyAuthors">
            <users/>
            <groups/>
        </role>
        <role inherit="false" allowForAll="false" name="denyAdministrators">
            <users/>
            <groups/>
        </role>
    </roleMap>
    <history>
        <historyInfo versionUuid="_a-0000e224-c83f-8000-cd5e-01ef9001ef90_24097"/>
    </history>
</contentHaul>
