<?xml version="1.0" encoding="UTF-8" standalone="yes"?>
<contentHaul xmlns:a="http://www.appian.com/ae/types/2009">
    <versionUuid>_a-0000e224-c83f-8000-cd5e-01ef9001ef90_25484</versionUuid>
    <rule>
        <name>RT_Mainv2</name>
        <uuid>_a-0000e224-c83f-8000-cd5e-01ef9001ef90_25133</uuid>
        <description></description>
        <parentUuid>_a-0000e20e-f1f8-8000-c28e-03ef9003ef90_24075</parentUuid>
        <visibility>
            <advertise>false</advertise>
            <hierarchy>true</hierarchy>
            <indexable>true</indexable>
            <quota>false</quota>
            <searchable>true</searchable>
            <system>false</system>
            <unlogged>false</unlogged>
        </visibility>
        <definition>load(
local!useCompression: false,
local!enableProgressBar: false,
local!formatOptions: {"header", "font", "size", "bold", "italic", "underline", "strike", "script", "color", "background", "link", "align", "indent", "list", "blockquote", "code"},
local!allowedFormats: {"size", "bold", "underline", "strike", "script", "color", "link", "align", "indent", "list"},
{
    #"SYSTEM_SYSRULES_columnsLayout"(
      columns: {
        #"SYSTEM_SYSRULES_columnLayout"(
          notAParam: false,
          contents: {
            #"SYSTEM_SYSRULES_radioButtonField"(
              label: "Data Storage Format",
              labelPosition: "ABOVE",
              helpTooltip: "Compressed rich text uses less space than HTML for large amounts of data",
              choiceLabels: {"HTML", "Compressed Rich Text"},
              choiceValues: {false, true},
              value: local!useCompression,
              saveInto: {
                local!useCompression,
                a!save(ri!value, null)
              },
              choiceLayout: "COMPACT",
              validations: {}
            ),
            #"SYSTEM_SYSRULES_paragraphField"(
              label: if(local!useCompression, "Compressed", "HTML") &amp; " Value",
              labelPosition: "ABOVE",
              instructions: "Used " &amp; len(ri!value) &amp; " characters",
              value: ri!value,
              saveInto: ri!value,
              refreshAfter: "UNFOCUS",
              readonly: false,
              height: "SHORT"
            )
          },
          width: "AUTO"
        ),
        #"SYSTEM_SYSRULES_columnLayout"(
          contents: {
            #"SYSTEM_SYSRULES_sideBySideLayout"(
              items: {
                #"SYSTEM_SYSRULES_sideBySideItem"(
                  item: #"SYSTEM_SYSRULES_richTextDisplayField"(
                    label: "Disabled",
                    value: {
                      #"SYSTEM_SYSRULES_richTextItem_v1"(
                        text: {
                          #"SYSTEM_SYSRULES_richTextIcon"(
                            icon: if(ri!disabled, "toggle-on", "toggle-off"),
                            size: "LARGE"
                          )
                        },
                        link: #"SYSTEM_SYSRULES_dynamicLink"(
                          saveInto: a!save(ri!disabled, not(ri!disabled))
                        ),
                        linkStyle: "STANDALONE",
                        color: "POSITIVE"
                      )
                    }
                  )
                ),
                #"SYSTEM_SYSRULES_sideBySideItem"(
                  item: #"SYSTEM_SYSRULES_richTextDisplayField"(
                    label: "Read-Only",
                    value: {
                      #"SYSTEM_SYSRULES_richTextItem_v1"(
                        text: {
                          #"SYSTEM_SYSRULES_richTextIcon"(
                            icon: if(ri!readOnly, "toggle-on", "toggle-off"),
                            size: "LARGE"
                          )
                        },
                        link: #"SYSTEM_SYSRULES_dynamicLink"(
                          saveInto: a!save(ri!readOnly, not(ri!readOnly))
                        ),
                        linkStyle: "STANDALONE",
                        color: "POSITIVE"
                      )
                    }
                  )
                ),
                #"SYSTEM_SYSRULES_sideBySideItem"(
                  item: #"SYSTEM_SYSRULES_richTextDisplayField"(
                    label: "Progress Bar",
                    value: {
                      #"SYSTEM_SYSRULES_richTextItem_v1"(
                        text: {
                          #"SYSTEM_SYSRULES_richTextIcon"(
                            icon: if(local!enableProgressBar, "toggle-on", "toggle-off"),
                            size: "LARGE"
                          )
                        },
                        link: #"SYSTEM_SYSRULES_dynamicLink"(
                          saveInto: a!save(local!enableProgressBar, not(local!enableProgressBar))
                        ),
                        linkStyle: "STANDALONE",
                        color: "POSITIVE"
                      )
                    }
                  )
                ),
                #"SYSTEM_SYSRULES_sideBySideItem"(
                  item: #"SYSTEM_SYSRULES_dropdownField"(
                    label: "Height",
                    placeholderLabel: "Select a height",
                    choiceLabels: {"Auto", "Short", "Medium", "Tall"},
                    choiceValues: {"AUTO", "SHORT", "MEDIUM", "TALL"},
                    value: ri!height,
                    saveInto: ri!height
                  ) 
                )
              }
            ),
            #"SYSTEM_SYSRULES_sideBySideLayout"(
              items: {
                #"SYSTEM_SYSRULES_sideBySideItem"(
                  item: #"SYSTEM_SYSRULES_integerField"(
                    label: "Max Size",
                    labelPosition: "ABOVE",
                    value: ri!maxSize,
                    saveInto: ri!maxSize,
                    refreshAfter: "UNFOCUS",
                    validations: {}
                  )
                )
              }
            )
          },
          width: "AUTO"
        )
      }
    ),
    #"SYSTEM_SYSRULES_checkboxField"(
      label: "Allowed Formats",
      instructions: "These must be set on page load and cannot be changed, open and edit the interface to change them for testing",
      choiceLabels: local!formatOptions,
      choiceValues: local!formatOptions,
      value: local!allowedFormats,
      saveInto: local!allowedFormats,
      disabled: true,
      choiceLayout: "COMPACT"
    ),
    #"SYSTEM_SYSRULES_cardLayout"(
      style: "INFO",
      showWhen: ri!readOnly,
      marginBelow: "STANDARD",
      contents: fn!richTextEditor(
        label: null,
        showWhen: ri!readOnly,
        labelPosition: "ABOVE",
        disabled: ri!disabled,
        validations: {},
        height: ri!height,
        richTextValue: ri!value,
        richTextSaveInto: ri!value,
        readOnly: ri!readOnly,
        maxSize: ri!maxSize,
        placeholder: "Go nuts with your favorite rich text styles",
        useCompression: local!useCompression,
        enableProgressBar: local!enableProgressBar,
        allowedFormats: local!allowedFormats
      )
    ),
    fn!richTextEditor(
      showWhen: not(ri!readOnly),
      label: "Rich Text Editor",
      labelPosition: "ABOVE",
      disabled: ri!disabled,
      validations: {},
      height: ri!height,
      richTextValue: ri!value,
      richTextSaveInto: ri!value,
      readOnly: ri!readOnly,
      maxSize: ri!maxSize,
      placeholder: "Go nuts with your favorite rich text styles",
      useCompression: local!useCompression,
      enableProgressBar: local!enableProgressBar,
      allowedFormats: local!allowedFormats
    ),
    #"SYSTEM_SYSRULES_richTextDisplayField"(
      labelPosition: "COLLAPSED",
      value: {
        #"SYSTEM_SYSRULES_richTextItem_v1"(
          text: {
            #"SYSTEM_SYSRULES_richTextIcon"(icon: "paste"),
            " Try an example"
          },
          link: #"SYSTEM_SYSRULES_dynamicLink"(
            saveInto: {
              a!save(
                ri!value, 
                if(
                  local!useCompression, 
                  #"_a-0000e224-c83f-8000-cd5e-01ef9001ef90_24069", 
                  #"_a-0000e224-c83f-8000-cd5e-01ef9001ef90_24075"
                )
              )
            }
          ),
          linkStyle: "STANDALONE"
        )
      }
    )
  }
)</definition>
        <namedTypedValue>
            <name>value</name>
            <type>
                <name>string</name>
                <namespace>http://www.w3.org/2001/XMLSchema</namespace>
            </type>
            <value/>
        </namedTypedValue>
        <namedTypedValue>
            <name>disabled</name>
            <type>
                <name>boolean</name>
                <namespace>http://www.w3.org/2001/XMLSchema</namespace>
            </type>
        </namedTypedValue>
        <namedTypedValue>
            <name>maxSize</name>
            <type>
                <name>int</name>
                <namespace>http://www.w3.org/2001/XMLSchema</namespace>
            </type>
        </namedTypedValue>
        <namedTypedValue>
            <name>readOnly</name>
            <type>
                <name>boolean</name>
                <namespace>http://www.w3.org/2001/XMLSchema</namespace>
            </type>
        </namedTypedValue>
        <namedTypedValue>
            <name>height</name>
            <type>
                <name>string</name>
                <namespace>http://www.w3.org/2001/XMLSchema</namespace>
            </type>
            <value/>
        </namedTypedValue>
        <preferredEditor>interface</preferredEditor>
        <offlineEnabled>false</offlineEnabled>
    </rule>
    <roleMap public="true">
        <role inherit="true" allowForAll="false" name="readers">
            <users/>
            <groups/>
        </role>
        <role inherit="true" allowForAll="false" name="authors">
            <users/>
            <groups/>
        </role>
        <role inherit="true" allowForAll="false" name="administrators">
            <users/>
            <groups/>
        </role>
        <role inherit="false" allowForAll="false" name="denyReaders">
            <users/>
            <groups/>
        </role>
        <role inherit="false" allowForAll="false" name="denyAuthors">
            <users/>
            <groups/>
        </role>
        <role inherit="false" allowForAll="false" name="denyAdministrators">
            <users/>
            <groups/>
        </role>
    </roleMap>
    <typedValue>
        <type>
            <name>RuleTestConfig?list</name>
            <namespace>http://www.appian.com/ae/types/2009</namespace>
        </type>
        <value>
            <el>
                <a:name/>
                <a:ruleInputTestConfigs>
                    <a:value xmlns:xsd="http://www.w3.org/2001/XMLSchema" xmlns:xsi="http://www.w3.org/2001/XMLSchema-instance" xsi:type="xsd:string"/>
                    <a:nameRef>value</a:nameRef>
                    <a:id>1</a:id>
                </a:ruleInputTestConfigs>
                <a:ruleInputTestConfigs>
                    <a:value xmlns:xsd="http://www.w3.org/2001/XMLSchema" xmlns:xsi="http://www.w3.org/2001/XMLSchema-instance" xsi:type="xsd:boolean">false</a:value>
                    <a:nameRef>disabled</a:nameRef>
                    <a:id>2</a:id>
                </a:ruleInputTestConfigs>
                <a:ruleInputTestConfigs>
                    <a:value xmlns:xsd="http://www.w3.org/2001/XMLSchema" xmlns:xsi="http://www.w3.org/2001/XMLSchema-instance" xsi:type="xsd:int">25600</a:value>
                    <a:nameRef>maxSize</a:nameRef>
                    <a:id>3</a:id>
                </a:ruleInputTestConfigs>
                <a:ruleInputTestConfigs>
                    <a:value xmlns:xsd="http://www.w3.org/2001/XMLSchema" xmlns:xsi="http://www.w3.org/2001/XMLSchema-instance" xsi:type="xsd:boolean">false</a:value>
                    <a:nameRef>readOnly</a:nameRef>
                    <a:id>4</a:id>
                </a:ruleInputTestConfigs>
                <a:ruleInputTestConfigs>
                    <a:value xmlns:xsd="http://www.w3.org/2001/XMLSchema" xmlns:xsi="http://www.w3.org/2001/XMLSchema-instance" xsi:type="xsd:string"/>
                    <a:nameRef>height</a:nameRef>
                    <a:id>5</a:id>
                </a:ruleInputTestConfigs>
                <a:assertions xmlns:xsi="http://www.w3.org/2001/XMLSchema-instance" xsi:nil="true"/>
            </el>
        </value>
    </typedValue>
    <history>
        <historyInfo versionUuid="_a-0000e224-c83f-8000-cd5e-01ef9001ef90_25138"/>
        <historyInfo versionUuid="_a-0000e224-c83f-8000-cd5e-01ef9001ef90_25339"/>
        <historyInfo versionUuid="_a-0000e224-c83f-8000-cd5e-01ef9001ef90_25484"/>
    </history>
</contentHaul>
