<?xml version="1.0" encoding="UTF-8" standalone="yes"?>
<tempoReportHaul xmlns:a="http://www.appian.com/ae/types/2009">
    <versionUuid>ee8c776d-7f95-4e09-92d3-2abee9aebf8b</versionUuid>
    <tempoReport a:uuid="5f1dbfc7-3e80-48a5-9766-ecce29c9c3d4" name="Test">
        <a:description></a:description>
        <a:uiExpr>=#"_a-0000e224-c83f-8000-cd5e-01ef9001ef90_25622"()</a:uiExpr>
        <a:urlStub>MMiMDg</a:urlStub>
    </tempoReport>
    <roleMap>
        <role name="report_viewer">
            <users/>
            <groups>
                <groupUuid>_e-0000e221-a0be-8000-3e90-011e94011e94_27</groupUuid>
            </groups>
        </role>
    </roleMap>
    <history>
        <historyInfo versionUuid="ee8c776d-7f95-4e09-92d3-2abee9aebf8b"/>
    </history>
</tempoReportHaul>
