<?xml version="1.0" encoding="UTF-8" standalone="yes"?>
<tempoReportHaul xmlns:a="http://www.appian.com/ae/types/2009">
    <versionUuid>24b4fe0b-36d9-4681-ab62-c74c992eb34b</versionUuid>
    <tempoReport a:uuid="95a8b6ca-5f7e-4548-b592-53be71bd57fc" name="Rich Text Demo">
        <a:description></a:description>
        <a:uiExpr>=#"_a-0000e20f-dfd7-8000-c28e-03ef9003ef90_24246"()</a:uiExpr>
        <a:urlStub>msjItA</a:urlStub>
    </tempoReport>
    <roleMap>
        <role name="report_viewer">
            <users/>
            <groups>
                <groupUuid>_e-0000e221-a0be-8000-3e90-011e94011e94_27</groupUuid>
            </groups>
        </role>
    </roleMap>
    <history>
        <historyInfo versionUuid="bbc59151-74ad-4fce-ae4f-90277d493bb4"/>
        <historyInfo versionUuid="24b4fe0b-36d9-4681-ab62-c74c992eb34b"/>
    </history>
</tempoReportHaul>
