<?xml version="1.0" encoding="UTF-8" standalone="yes"?>
<webApiHaul xmlns:a="http://www.appian.com/ae/types/2009">
    <versionUuid>9e0a7883-4b2d-46c2-a48a-c5689568c2bf</versionUuid>
    <webApi a:uuid="abe37c80-6a02-44e4-ad0b-02fb935e97f9" name="RT Render HTML">
        <a:description></a:description>
        <a:expression>#"SYSTEM_SYSRULES_httpResponse_v1"(
  /*
  * The 'statusCode' parameter is a number that represents the HTTP status code
  * of the response. If no status code is specified, a default of '200' is used,
  * meaning that the request was successful.
  */
  statusCode: 200,
  /*
  * The 'headers' parameter is a list of HTTP headers to include on the response.
  * HTTP headers should be built with 'a!httpHeader()'.
  */
  headers: {},
  /*
  * The 'body' parameter is the text that will be included in the HTTP response's
  * body.
  */
  body: "&lt;html&gt;" &amp; #"_a-0000e645-3d7c-8000-da55-01ef9001ef90_10499"(html: #"_a-0000e645-3d7c-8000-da55-01ef9001ef90_10473"()) &amp; "&lt;/html&gt;"
)</a:expression>
        <a:urlAlias>rt-render-html</a:urlAlias>
        <a:httpMethod>GET</a:httpMethod>
        <a:system>false</a:system>
        <a:requestBodyType>NONE</a:requestBodyType>
    </webApi>
    <roleMap/>
    <typedValue>
        <type>
            <name>WebApiRequest?list</name>
            <namespace>http://www.appian.com/ae/types/2009</namespace>
        </type>
        <value>
            <el>
                <a:path/>
                <a:body/>
            </el>
        </value>
    </typedValue>
    <history>
        <historyInfo versionUuid="9e0a7883-4b2d-46c2-a48a-c5689568c2bf"/>
    </history>
</webApiHaul>
