<?xml version="1.0" encoding="UTF-8" standalone="yes"?>
<applicationHaul xmlns:a="http://www.appian.com/ae/types/2009">
    <versionUuid>_a-0000e6e0-9a21-8000-d6a9-01ef9001ef90_7702</versionUuid>
    <application>
        <name>Rich Text Editor Example App</name>
        <uuid>_a-0000e20e-f1f8-8000-c28e-03ef9003ef90_24070</uuid>
        <description></description>
        <parentUuid>SYSTEM_APPLICATIONS_ROOT</parentUuid>
        <visibility>
            <advertise>false</advertise>
            <hierarchy>true</hierarchy>
            <indexable>true</indexable>
            <quota>false</quota>
            <searchable>true</searchable>
            <system>false</system>
            <unlogged>false</unlogged>
        </visibility>
        <urlIdentifier>4ficEw</urlIdentifier>
        <published>false</published>
        <public>false</public>
        <associatedObjects>
            <globalIdMap>
                <item>
                    <type>datatype</type>
                    <uuids>
                        <uuid>{urn:com:appian:types:RT}RT_StoreHtml_MySQL</uuid>
                        <uuid>{urn:com:appian:types:RT}RT_StoreValue</uuid>
                    </uuids>
                </item>
                <item>
                    <type>dataStore</type>
                    <uuids>
                        <uuid>_a-0000e23e-16b8-8000-ad28-01ef9001ef90_24281</uuid>
                    </uuids>
                </item>
                <item>
                    <type>user</type>
                    <uuids/>
                </item>
                <item>
                    <type>groupType</type>
                    <uuids/>
                </item>
                <item>
                    <type>group</type>
                    <uuids>
                        <uuid>_e-0000e221-a0be-8000-3e90-011e94011e94_27</uuid>
                    </uuids>
                </item>
                <item>
                    <type>content</type>
                    <uuids>
                        <uuid>_a-0000e20e-f1f8-8000-c28e-03ef9003ef90_24075</uuid>
                        <uuid>_a-0000e20f-dfd7-8000-c28e-03ef9003ef90_24246</uuid>
                        <uuid>_a-0000e224-c83f-8000-cd5e-01ef9001ef90_24069</uuid>
                        <uuid>_a-0000e224-c83f-8000-cd5e-01ef9001ef90_24075</uuid>
                        <uuid>_a-0000e224-c83f-8000-cd5e-01ef9001ef90_25133</uuid>
                        <uuid>_a-0000e224-c83f-8000-cd5e-01ef9001ef90_25169</uuid>
                        <uuid>_a-0000e224-c83f-8000-cd5e-01ef9001ef90_25556</uuid>
                        <uuid>_a-0000e224-c83f-8000-cd5e-01ef9001ef90_26088</uuid>
                        <uuid>_a-0000e23e-16b8-8000-ad28-01ef9001ef90_24340</uuid>
                        <uuid>_a-0000e23e-16b8-8000-ad28-01ef9001ef90_24346</uuid>
                        <uuid>_a-0000e23e-16b8-8000-ad28-01ef9001ef90_24405</uuid>
                        <uuid>_a-0000e23e-16b8-8000-ad28-01ef9001ef90_24455</uuid>
                        <uuid>_a-0000e23e-16b8-8000-ad28-01ef9001ef90_24483</uuid>
                        <uuid>_a-0000e23e-16b8-8000-ad28-01ef9001ef90_24946</uuid>
                        <uuid>_a-0000e23e-16b8-8000-ad28-01ef9001ef90_24952</uuid>
                        <uuid>_a-0000e4fb-1704-8000-11ed-36ef9036ef90_49993</uuid>
                        <uuid>_a-0000e4fb-1704-8000-11ed-36ef9036ef90_50005</uuid>
                        <uuid>_a-0000e4fb-1704-8000-11ed-36ef9036ef90_50018</uuid>
                        <uuid>_a-0000e645-3d7c-8000-da55-01ef9001ef90_10460</uuid>
                        <uuid>_a-0000e645-3d7c-8000-da55-01ef9001ef90_10466</uuid>
                        <uuid>_a-0000e645-3d7c-8000-da55-01ef9001ef90_10473</uuid>
                        <uuid>_a-0000e645-3d7c-8000-da55-01ef9001ef90_10499</uuid>
                        <uuid>_a-0000e645-3d7c-8000-da55-01ef9001ef90_10529</uuid>
                        <uuid>SYSTEM_RULE_FOLDER_QUICK_APPS</uuid>
                        <uuid>25bb24fd-8f61-4a07-8552-fe35becbcbe7</uuid>
                        <uuid>_a-0000e6b6-9128-8000-b252-01ef9001ef90_9753</uuid>
                        <uuid>e621d738-3a77-4edf-95b7-3cad6eb4d01d</uuid>
                        <uuid>_a-0000e6b6-9128-8000-b252-01ef9001ef90_11082</uuid>
                        <uuid>_a-0000e6a9-821b-8000-780a-01ef9001ef90_8556</uuid>
                        <uuid>_a-0000e6e0-9a21-8000-d6a9-01ef9001ef90_7238</uuid>
                        <uuid>_a-0000e6e0-9a21-8000-d6a9-01ef9001ef90_7691</uuid>
                        <uuid>_a-0000e6e0-9a21-8000-d6a9-01ef9001ef90_7697</uuid>
                    </uuids>
                </item>
                <item>
                    <type>forum</type>
                    <uuids/>
                </item>
                <item>
                    <type>processModelFolder</type>
                    <uuids>
                        <uuid>_g-0000e23e-16b8-8000-ad28-014d98014d98_5</uuid>
                    </uuids>
                </item>
                <item>
                    <type>processModel</type>
                    <uuids>
                        <uuid>0002e244-881e-8000-ad28-014d98014d98</uuid>
                    </uuids>
                </item>
                <item>
                    <type>portlet</type>
                    <uuids/>
                </item>
                <item>
                    <type>page</type>
                    <uuids/>
                </item>
                <item>
                    <type>application</type>
                    <uuids/>
                </item>
                <item>
                    <type>tempoFeed</type>
                    <uuids/>
                </item>
                <item>
                    <type>recordType</type>
                    <uuids/>
                </item>
                <item>
                    <type>recordField</type>
                    <uuids/>
                </item>
                <item>
                    <type>recordRelationship</type>
                    <uuids/>
                </item>
                <item>
                    <type>tempoReport</type>
                    <uuids>
                        <uuid>95a8b6ca-5f7e-4548-b592-53be71bd57fc</uuid>
                        <uuid>227bd8b4-d7cd-47a9-bc93-50e2f472a3fb</uuid>
                        <uuid>5c303384-1dd2-457c-a9b2-cdd9b0bdd5f5</uuid>
                        <uuid>542dce8f-2514-4443-a445-4e61c8ba9143</uuid>
                    </uuids>
                </item>
                <item>
                    <type>taskReport</type>
                    <uuids/>
                </item>
                <item>
                    <type>webApi</type>
                    <uuids>
                        <uuid>abe37c80-6a02-44e4-ad0b-02fb935e97f9</uuid>
                    </uuids>
                </item>
                <item>
                    <type>site</type>
                    <uuids>
                        <uuid>81d36209-8a44-4b93-8504-e700db5ee87d</uuid>
                    </uuids>
                </item>
                <item>
                    <type>adminSetting</type>
                    <uuids/>
                </item>
                <item>
                    <type>thirdPartyCredentials</type>
                    <uuids/>
                </item>
                <item>
                    <type>dataSource</type>
                    <uuids/>
                </item>
                <item>
                    <type>embeddedSailTheme</type>
                    <uuids/>
                </item>
                <item>
                    <type>connectedSystem</type>
                    <uuids>
                        <uuid>_a-0000e4fb-1704-8000-11ed-36ef9036ef90_50011</uuid>
                    </uuids>
                </item>
                <item>
                    <type>pluginInfo</type>
                    <uuids/>
                </item>
                <item>
                    <type>featureFlag</type>
                    <uuids/>
                </item>
                <item>
                    <type>designObjectReferenceImplementation</type>
                    <uuids/>
                </item>
                <item>
                    <type>aiSkill</type>
                    <uuids/>
                </item>
                <item>
                    <type>roboticTaskDesignObject</type>
                    <uuids/>
                </item>
                <item>
                    <type>robotPoolDesignObject</type>
                    <uuids/>
                </item>
                <item>
                    <type>portal</type>
                    <uuids/>
                </item>
                <item>
                    <type>translationSet</type>
                    <uuids/>
                </item>
                <item>
                    <type>translationString</type>
                    <uuids/>
                </item>
                <item>
                    <type>translationVariable</type>
                    <uuids/>
                </item>
                <item>
                    <type>controlPanel</type>
                    <uuids/>
                </item>
                <item>
                    <type>controlPanelTierItem</type>
                    <uuids/>
                </item>
                <item>
                    <type>messageExecutor</type>
                    <uuids/>
                </item>
                <item>
                    <type>aiAgent</type>
                    <uuids/>
                </item>
            </globalIdMap>
        </associatedObjects>
        <applicationNavigation/>
        <applicationActions/>
        <associatedApplications>
            <globalIdMap>
                <item>
                    <type>datatype</type>
                    <uuids/>
                </item>
                <item>
                    <type>dataStore</type>
                    <uuids/>
                </item>
                <item>
                    <type>user</type>
                    <uuids/>
                </item>
                <item>
                    <type>groupType</type>
                    <uuids/>
                </item>
                <item>
                    <type>group</type>
                    <uuids/>
                </item>
                <item>
                    <type>content</type>
                    <uuids/>
                </item>
                <item>
                    <type>forum</type>
                    <uuids/>
                </item>
                <item>
                    <type>processModelFolder</type>
                    <uuids/>
                </item>
                <item>
                    <type>processModel</type>
                    <uuids/>
                </item>
                <item>
                    <type>portlet</type>
                    <uuids/>
                </item>
                <item>
                    <type>page</type>
                    <uuids/>
                </item>
                <item>
                    <type>application</type>
                    <uuids/>
                </item>
                <item>
                    <type>tempoFeed</type>
                    <uuids/>
                </item>
                <item>
                    <type>recordType</type>
                    <uuids/>
                </item>
                <item>
                    <type>recordField</type>
                    <uuids/>
                </item>
                <item>
                    <type>recordRelationship</type>
                    <uuids/>
                </item>
                <item>
                    <type>tempoReport</type>
                    <uuids/>
                </item>
                <item>
                    <type>taskReport</type>
                    <uuids/>
                </item>
                <item>
                    <type>webApi</type>
                    <uuids/>
                </item>
                <item>
                    <type>site</type>
                    <uuids/>
                </item>
                <item>
                    <type>adminSetting</type>
                    <uuids/>
                </item>
                <item>
                    <type>thirdPartyCredentials</type>
                    <uuids/>
                </item>
                <item>
                    <type>dataSource</type>
                    <uuids/>
                </item>
                <item>
                    <type>embeddedSailTheme</type>
                    <uuids/>
                </item>
                <item>
                    <type>connectedSystem</type>
                    <uuids/>
                </item>
                <item>
                    <type>pluginInfo</type>
                    <uuids/>
                </item>
                <item>
                    <type>featureFlag</type>
                    <uuids/>
                </item>
                <item>
                    <type>designObjectReferenceImplementation</type>
                    <uuids/>
                </item>
                <item>
                    <type>aiSkill</type>
                    <uuids/>
                </item>
                <item>
                    <type>roboticTaskDesignObject</type>
                    <uuids/>
                </item>
                <item>
                    <type>robotPoolDesignObject</type>
                    <uuids/>
                </item>
                <item>
                    <type>portal</type>
                    <uuids/>
                </item>
                <item>
                    <type>translationSet</type>
                    <uuids/>
                </item>
                <item>
                    <type>translationString</type>
                    <uuids/>
                </item>
                <item>
                    <type>translationVariable</type>
                    <uuids/>
                </item>
                <item>
                    <type>controlPanel</type>
                    <uuids/>
                </item>
                <item>
                    <type>controlPanelTierItem</type>
                    <uuids/>
                </item>
                <item>
                    <type>messageExecutor</type>
                    <uuids/>
                </item>
                <item>
                    <type>aiAgent</type>
                    <uuids/>
                </item>
            </globalIdMap>
        </associatedApplications>
    </application>
    <roleMap>
        <contentRoleMap public="true">
            <role inherit="false" allowForAll="false" name="readers">
                <users/>
                <groups/>
            </role>
            <role inherit="false" allowForAll="false" name="authors">
                <users/>
                <groups/>
            </role>
            <role inherit="false" allowForAll="false" name="administrators">
                <users>
                    <userUuid>Administrator</userUuid>
                </users>
                <groups/>
            </role>
            <role inherit="false" allowForAll="false" name="denyReaders">
                <users/>
                <groups/>
            </role>
            <role inherit="false" allowForAll="false" name="denyAuthors">
                <users/>
                <groups/>
            </role>
            <role inherit="false" allowForAll="false" name="denyAdministrators">
                <users/>
                <groups/>
            </role>
        </contentRoleMap>
    </roleMap>
    <defaultApplicationObjects/>
    <applicationDocumentation/>
    <history>
        <historyInfo versionUuid="_a-0000e20f-dfd7-8000-c28e-03ef9003ef90_24251"/>
        <historyInfo versionUuid="_a-0000e221-a0be-8000-3e90-01ef9001ef90_24419"/>
        <historyInfo versionUuid="_a-0000e224-c83f-8000-cd5e-01ef9001ef90_24080"/>
        <historyInfo versionUuid="_a-0000e224-c83f-8000-cd5e-01ef9001ef90_25139"/>
        <historyInfo versionUuid="_a-0000e224-c83f-8000-cd5e-01ef9001ef90_25174"/>
        <historyInfo versionUuid="_a-0000e224-c83f-8000-cd5e-01ef9001ef90_25635"/>
        <historyInfo versionUuid="_a-0000e224-c83f-8000-cd5e-01ef9001ef90_26542"/>
        <historyInfo versionUuid="_a-0000e23e-16b8-8000-ad28-01ef9001ef90_24488"/>
        <historyInfo versionUuid="_a-0000e23e-16b8-8000-ad28-01ef9001ef90_24957"/>
        <historyInfo versionUuid="_a-0000e4fb-1704-8000-11ed-36ef9036ef90_50046"/>
        <historyInfo versionUuid="_a-0000e645-3d7c-8000-da55-01ef9001ef90_10535"/>
        <historyInfo versionUuid="_a-0000e6b6-9128-8000-b252-01ef9001ef90_11805"/>
        <historyInfo versionUuid="_a-0000e6e0-9a21-8000-d6a9-01ef9001ef90_7244"/>
        <historyInfo versionUuid="_a-0000e6e0-9a21-8000-d6a9-01ef9001ef90_7702"/>
    </history>
    <postDeploymentProcessData/>
    <requirementsCaptureB64 xmlns:xsi="http://www.w3.org/2001/XMLSchema-instance" xsi:nil="true"/>
</applicationHaul>
