<?xml version="1.0" encoding="UTF-8" standalone="yes"?>
<groupHaul xmlns:a="http://www.appian.com/ae/types/2009">
    <versionUuid>_e-0000e645-3d7c-8000-da48-011e94011e94_87</versionUuid>
    <group>
        <name>Rich Text CSE Viewers</name>
        <securityMap>SECURITYMAP_TEAM</securityMap>
        <uuid>_e-0000e221-a0be-8000-3e90-011e94011e94_27</uuid>
        <groupTypeUuid>SYSTEM_GROUP_TYPE_CUSTOM</groupTypeUuid>
        <description></description>
        <delegatedCreation>false</delegatedCreation>
        <memberPolicy>MEMBERPOLICY_CLOSED</memberPolicy>
        <viewingPolicy>VIEWINGPOLICY_LOW</viewingPolicy>
        <attributes/>
    </group>
    <members>
        <users/>
        <groups/>
    </members>
    <admins>
        <users/>
        <groups/>
    </admins>
    <ruleSet>
        <expressions>
            <entityTypeName>u</entityTypeName>
            <conditions>
                <attributeName>username</attributeName>
                <operatorId>1</operatorId>
                <value></value>
            </conditions>
        </expressions>
    </ruleSet>
    <history>
        <historyInfo versionUuid="_e-0000e221-a0be-8000-3e90-011e94011e94_28"/>
        <historyInfo versionUuid="_e-0000e645-3d7c-8000-da48-011e94011e94_87"/>
    </history>
</groupHaul>
