<?xml version="1.0" encoding="UTF-8" standalone="yes"?>
<groupHaul xmlns:a="http://www.appian.com/ae/types/2009">
    <versionUuid>_e-0000e224-c44c-8000-cd5e-011e94011e94_20</versionUuid>
    <group>
        <name>Tempo Users</name>
        <securityMap>SECURITYMAP_PERSONAL</securityMap>
        <uuid>SYSTEM_GROUP_ROLE_TEMPO_USERS</uuid>
        <groupTypeUuid>SYSTEM_GROUP_TYPE_CUSTOM</groupTypeUuid>
        <description>Members of this group will be able to access Tempo.</description>
        <delegatedCreation>false</delegatedCreation>
        <memberPolicy>MEMBERPOLICY_CLOSED</memberPolicy>
        <viewingPolicy>VIEWINGPOLICY_HIGH</viewingPolicy>
        <attributes/>
    </group>
    <members>
        <users/>
        <groups/>
    </members>
    <admins>
        <users>
            <userUuid>Administrator</userUuid>
        </users>
        <groups/>
    </admins>
    <ruleSet>
        <expressions>
            <entityTypeName>u</entityTypeName>
            <conditions>
                <attributeName>username</attributeName>
                <operatorId>1</operatorId>
                <value></value>
            </conditions>
        </expressions>
    </ruleSet>
    <history>
        <historyInfo versionUuid="_e-0000e224-c44c-8000-cd5e-011e94011e94_20"/>
    </history>
</groupHaul>
