<?xml version="1.0" encoding="UTF-8" standalone="yes"?>
<groupHaul xmlns:a="http://www.appian.com/ae/types/2009">
    <versionUuid>_e-0000d88b-74e0-8000-9aee-01075c01075c_9</versionUuid>
    <group>
        <name>Quick App Creators</name>
        <securityMap>SECURITYMAP_TEAM</securityMap>
        <uuid>SYSTEM_GROUP_ROLE_QUICK_APP_CREATORS</uuid>
        <groupTypeUuid>SYSTEM_GROUP_TYPE_CUSTOM</groupTypeUuid>
        <description>Members of this group will be able to create new quick apps.</description>
        <delegatedCreation>false</delegatedCreation>
        <memberPolicy>MEMBERPOLICY_CLOSED</memberPolicy>
        <viewingPolicy>VIEWINGPOLICY_LOW</viewingPolicy>
        <attributes/>
    </group>
    <members>
        <users/>
        <groups/>
    </members>
    <admins>
        <users>
            <userUuid>Administrator</userUuid>
        </users>
        <groups/>
    </admins>
    <ruleSet/>
    <history>
        <historyInfo versionUuid="_e-0000d88b-74e0-8000-9aee-01075c01075c_9"/>
    </history>
</groupHaul>
