<?xml version="1.0" encoding="UTF-8" standalone="yes"?>
<tempoReportHaul xmlns:a="http://www.appian.com/ae/types/2009">
    <versionUuid>9a8afdba-cd19-4c59-bc8c-d28cd2658ae1</versionUuid>
    <tempoReport a:uuid="227bd8b4-d7cd-47a9-bc93-50e2f472a3fb" name="RT HTML Rendering">
        <a:description></a:description>
        <a:uiExpr>=#"_a-0000e645-3d7c-8000-da55-01ef9001ef90_10466"()</a:uiExpr>
        <a:urlStub>7J2ygg</a:urlStub>
    </tempoReport>
    <roleMap/>
    <history>
        <historyInfo versionUuid="9a8afdba-cd19-4c59-bc8c-d28cd2658ae1"/>
    </history>
</tempoReportHaul>
