<?xml version="1.0" encoding="UTF-8" standalone="yes"?>
<tempoReportHaul xmlns:a="http://www.appian.com/ae/types/2009">
    <versionUuid>b1d3e77c-0aaf-45f8-a256-351d68b75f60</versionUuid>
    <tempoReport a:uuid="542dce8f-2514-4443-a445-4e61c8ba9143" name="Compare different RTEs">
        <a:description></a:description>
        <a:uiExpr>#"e621d738-3a77-4edf-95b7-3cad6eb4d01d"()</a:uiExpr>
        <a:urlStub>LX-9-w</a:urlStub>
    </tempoReport>
    <roleMap/>
    <history>
        <historyInfo versionUuid="b1d3e77c-0aaf-45f8-a256-351d68b75f60"/>
    </history>
</tempoReportHaul>
