<?xml version="1.0" encoding="UTF-8" standalone="yes"?>
<tempoReportHaul xmlns:a="http://www.appian.com/ae/types/2009">
    <versionUuid>f2f47665-c90e-4d23-9682-c5d997134ba4</versionUuid>
    <tempoReport a:uuid="5c303384-1dd2-457c-a9b2-cdd9b0bdd5f5" name="RTE with Tables">
        <a:description></a:description>
        <a:uiExpr>#"25bb24fd-8f61-4a07-8552-fe35becbcbe7"()</a:uiExpr>
        <a:urlStub>N5E7ow</a:urlStub>
    </tempoReport>
    <roleMap/>
    <history>
        <historyInfo versionUuid="f2f47665-c90e-4d23-9682-c5d997134ba4"/>
    </history>
</tempoReportHaul>
