<?xml version="1.0" encoding="UTF-8" standalone="yes"?>
<dataStoreHaul xmlns:a="http://www.appian.com/ae/types/2009">
    <versionUuid>_a-0000e6e0-9a21-8000-d6a9-01ef9001ef90_7515</versionUuid>
    <dataStore>
        <uuid>_a-0000e23e-16b8-8000-ad28-01ef9001ef90_24281</uuid>
        <name>RT DS MySQL</name>
        <description></description>
        <dataSourceKey>jdbc/AppianAnywhere</dataSourceKey>
        <adaptingExplicitSqlNames>false</adaptingExplicitSqlNames>
        <autoUpdateSchema>true</autoUpdateSchema>
        <entities>
            <entity>
                <uuid>1624cca0-2d17-4b9e-a11f-bb7aa796e6a4</uuid>
                <name>RT_StoreHtml_MySQL</name>
                <type>{urn:com:appian:types:RT}RT_StoreHtml_MySQL</type>
            </entity>
            <entity>
                <uuid>7cb27d0d-d249-49f3-b467-7bee5cb45474</uuid>
                <name>RT_StoreValue</name>
                <type>{urn:com:appian:types:RT}RT_StoreValue</type>
            </entity>
        </entities>
    </dataStore>
    <isPublished>true</isPublished>
    <roleMap>
        <role inherit="false" allowForAll="false" name="administrators">
            <users/>
            <groups/>
        </role>
        <role inherit="false" allowForAll="false" name="authors">
            <users/>
            <groups/>
        </role>
        <role inherit="false" allowForAll="false" name="denyAdministrators">
            <users/>
            <groups/>
        </role>
        <role inherit="false" allowForAll="false" name="denyAuthors">
            <users/>
            <groups/>
        </role>
        <role inherit="false" allowForAll="false" name="denyReaders">
            <users/>
            <groups/>
        </role>
        <role inherit="false" allowForAll="false" name="readers">
            <users/>
            <groups/>
        </role>
    </roleMap>
    <history>
        <historyInfo versionUuid="_a-0000e23e-16b8-8000-ad28-01ef9001ef90_24338"/>
        <historyInfo versionUuid="_a-0000e4fb-1704-8000-11ed-36ef9036ef90_49991"/>
        <historyInfo versionUuid="_a-0000e622-afff-8000-177e-01ef9001ef90_7033"/>
        <historyInfo versionUuid="_a-0000e645-3d7c-8000-da55-01ef9001ef90_10458"/>
        <historyInfo versionUuid="_a-0000e6b6-9128-8000-b252-01ef9001ef90_9730"/>
        <historyInfo versionUuid="_a-0000e6e0-9a21-8000-d6a9-01ef9001ef90_7515"/>
    </history>
</dataStoreHaul>
