<?xml version="1.0" encoding="UTF-8"?>
<siteHaul xmlns:a="http://www.appian.com/ae/types/2009" xmlns:xsi="http://www.w3.org/2001/XMLSchema-instance">
  <versionUuid>aeeb7e71-9537-44cb-b3b3-c6d42395ec3c</versionUuid>
  <site a:uuid="81d36209-8a44-4b93-8504-e700db5ee87d" name="RT Testing">
    <description/>
    <urlStub>rt-testing</urlStub>
    <page>
      <staticName>RT Demo</staticName>
      <description/>
      <urlStub>rt-demo</urlStub>
      <uiObject a:uuid="95a8b6ca-5f7e-4548-b592-53be71bd57fc" xsi:type="a:TempoReport"/>
      <iconId>f121</iconId>
      <visibilityExpr>fn!true()</visibilityExpr>
      <pageWidth>WIDE</pageWidth>
    </page>
    <page>
      <staticName>HTML Render</staticName>
      <description/>
      <urlStub>html-render</urlStub>
      <uiObject a:uuid="227bd8b4-d7cd-47a9-bc93-50e2f472a3fb" xsi:type="a:TempoReport"/>
      <iconId>f001</iconId>
      <visibilityExpr>fn!true()</visibilityExpr>
      <pageWidth>WIDE</pageWidth>
    </page>
    <visibility>268435456</visibility>
    <faviconRef a:uuid="SYSTEM_CONTENT_SITES_DEFAULT_FAVICON" xsi:type="a:CollaborationDocument"/>
    <logoRef a:uuid="SYSTEM_CONTENT_SITES_DEFAULT_LOGO" xsi:type="a:CollaborationDocument"/>
    <showName>false</showName>
    <tempoLinkVisibility>HIDDEN</tempoLinkVisibility>
    <showRecordNews>true</showRecordNews>
    <tasksInSitesVisibility>HIDDEN</tasksInSitesVisibility>
    <buttonShape>SQUARED</buttonShape>
    <navigationBarStyle>STYLE1</navigationBarStyle>
    <isSystem>false</isSystem>
  </site>
  <roleMap/>
  <history>
    <historyInfo versionUuid="a2a70b92-00ad-461f-b9fd-424a2269013a"/>
    <historyInfo versionUuid="aeeb7e71-9537-44cb-b3b3-c6d42395ec3c"/>
  </history>
</siteHaul>
