<?xml version="1.0" encoding="UTF-8"?>
<siteHaul xmlns:a="http://www.appian.com/ae/types/2009" xmlns:xsi="http://www.w3.org/2001/XMLSchema-instance">
  <versionUuid>c3536119-f1de-4791-b370-905824972f2a</versionUuid>
  <site a:uuid="81d36209-8a44-4b93-8504-e700db5ee87d" name="RT Testing">
    <description/>
    <urlStub>rt-testing</urlStub>
    <page a:uuid="c14d14ce-0cdd-3604-abca-743bf3083f9b">
      <staticName>RT Demo</staticName>
      <description/>
      <urlStub>rt-demo</urlStub>
      <uiObject a:uuid="95a8b6ca-5f7e-4548-b592-53be71bd57fc" xsi:type="a:TempoReport"/>
      <iconId>f121</iconId>
      <visibilityExpr>fn!true()</visibilityExpr>
      <pageWidth>WIDE</pageWidth>
      <areUrlParamsEncrypted>true</areUrlParamsEncrypted>
      <autoContextUpdateEnabled>false</autoContextUpdateEnabled>
      <siteBrandingEnabled>true</siteBrandingEnabled>
      <darkThemeEnabled>false</darkThemeEnabled>
    </page>
    <page a:uuid="24cc8bf3-5453-3d2f-9a90-9c099f9b20a5">
      <staticName>RT Demo With Tables</staticName>
      <description/>
      <urlStub>rt-demo-with-tables</urlStub>
      <uiObject a:uuid="_a-0000e6b6-9128-8000-b252-01ef9001ef90_9753" xsi:type="a:ContentFreeformRule"/>
      <iconId>f005</iconId>
      <visibilityExpr>fn!true()</visibilityExpr>
      <pageWidth>WIDE</pageWidth>
      <areUrlParamsEncrypted>true</areUrlParamsEncrypted>
      <autoContextUpdateEnabled>false</autoContextUpdateEnabled>
      <siteBrandingEnabled>true</siteBrandingEnabled>
      <darkThemeEnabled>false</darkThemeEnabled>
    </page>
    <page a:uuid="587e21ef-4b7e-3a60-95d0-178685b2db03">
      <staticName>HTML Render</staticName>
      <description/>
      <urlStub>html-render</urlStub>
      <uiObject a:uuid="227bd8b4-d7cd-47a9-bc93-50e2f472a3fb" xsi:type="a:TempoReport"/>
      <iconId>f001</iconId>
      <visibilityExpr>fn!true()</visibilityExpr>
      <pageWidth>WIDE</pageWidth>
      <areUrlParamsEncrypted>true</areUrlParamsEncrypted>
      <autoContextUpdateEnabled>false</autoContextUpdateEnabled>
      <siteBrandingEnabled>true</siteBrandingEnabled>
      <darkThemeEnabled>false</darkThemeEnabled>
    </page>
    <page a:uuid="6aef7988-7322-3210-9dfd-ba3d50cd680d">
      <staticName>Simple Table Editor</staticName>
      <description/>
      <urlStub>simplified-table-editor-testin</urlStub>
      <uiObject a:uuid="25bb24fd-8f61-4a07-8552-fe35becbcbe7" xsi:type="a:ContentFreeformRule"/>
      <iconId>f004</iconId>
      <visibilityExpr>fn!true()</visibilityExpr>
      <pageWidth>WIDE</pageWidth>
      <areUrlParamsEncrypted>true</areUrlParamsEncrypted>
      <autoContextUpdateEnabled>false</autoContextUpdateEnabled>
      <siteBrandingEnabled>true</siteBrandingEnabled>
      <darkThemeEnabled>false</darkThemeEnabled>
    </page>
    <page a:uuid="80bedd7d-66b0-3bca-b67c-688a46a8fba9">
      <staticName>Editor Comparison</staticName>
      <description/>
      <urlStub>editor-comparison</urlStub>
      <uiObject a:uuid="e621d738-3a77-4edf-95b7-3cad6eb4d01d" xsi:type="a:ContentFreeformRule"/>
      <iconId>f025</iconId>
      <visibilityExpr>fn!true()</visibilityExpr>
      <pageWidth>WIDE</pageWidth>
      <areUrlParamsEncrypted>true</areUrlParamsEncrypted>
      <autoContextUpdateEnabled>false</autoContextUpdateEnabled>
      <siteBrandingEnabled>true</siteBrandingEnabled>
      <darkThemeEnabled>false</darkThemeEnabled>
    </page>
    <page a:uuid="0f9cacbe-d99e-3881-b9d1-fe8b236fb3f6">
      <staticName>Verify HTML Cleaning</staticName>
      <description/>
      <urlStub>html</urlStub>
      <uiObject a:uuid="_a-0000e6e0-9a21-8000-d6a9-01ef9001ef90_7691" xsi:type="a:ContentFreeformRule"/>
      <iconId>f023</iconId>
      <visibilityExpr>fn!true()</visibilityExpr>
      <pageWidth>WIDE</pageWidth>
      <areUrlParamsEncrypted>true</areUrlParamsEncrypted>
      <autoContextUpdateEnabled>false</autoContextUpdateEnabled>
      <siteBrandingEnabled>true</siteBrandingEnabled>
      <darkThemeEnabled>false</darkThemeEnabled>
    </page>
    <visibility>268435456</visibility>
    <faviconRef a:uuid="SYSTEM_CONTENT_SITES_DEFAULT_FAVICON" xsi:type="a:CollaborationDocument"/>
    <logoRef a:uuid="SYSTEM_CONTENT_SITES_DEFAULT_LOGO" xsi:type="a:CollaborationDocument"/>
    <showName>false</showName>
    <tempoLinkVisibility>HIDDEN</tempoLinkVisibility>
    <showRecordNews>false</showRecordNews>
    <tasksInSitesVisibility>HIDDEN</tasksInSitesVisibility>
    <buttonShape>SQUARED</buttonShape>
    <navigationBarStyle>STYLE1</navigationBarStyle>
    <inputShape>SQUARED</inputShape>
    <isSystem>false</isSystem>
    <displayName>RT Testing</displayName>
    <isStaticDisplayName>true</isStaticDisplayName>
    <nameExprIsEvaluable>true</nameExprIsEvaluable>
    <primaryNavLayoutType>TOPBAR</primaryNavLayoutType>
    <buttonLabelCase>UPPERCASE</buttonLabelCase>
    <dialogShape>SQUARED</dialogShape>
    <pageNameCase>UPPERCASE</pageNameCase>
    <showUserProfile>true</showUserProfile>
    <showUserSettings>true</showUserSettings>
  </site>
  <roleMap/>
  <history>
    <historyInfo versionUuid="a2a70b92-00ad-461f-b9fd-424a2269013a"/>
    <historyInfo versionUuid="aeeb7e71-9537-44cb-b3b3-c6d42395ec3c"/>
    <historyInfo versionUuid="a0512460-9a81-4c41-8f08-1c81c0f51eba"/>
    <historyInfo versionUuid="f9e3778e-8513-47ad-920b-7d84d35bf633"/>
    <historyInfo versionUuid="c3536119-f1de-4791-b370-905824972f2a"/>
  </history>
</siteHaul>
