<?xml version="1.0" encoding="UTF-8" standalone="yes"?>
<contentHaul xmlns:a="http://www.appian.com/ae/types/2009">
    <versionUuid>_a-0000e6e0-9a21-8000-d6a9-01ef9001ef90_12317</versionUuid>
    <rule>
        <name>richtextfieldwithtables</name>
        <uuid>25bb24fd-8f61-4a07-8552-fe35becbcbe7</uuid>
        <description></description>
        <parentUuid>SYSTEM_RULE_FOLDER_QUICK_APPS</parentUuid>
        <visibility>
            <advertise>false</advertise>
            <hierarchy>true</hierarchy>
            <indexable>true</indexable>
            <quota>false</quota>
            <searchable>true</searchable>
            <system>false</system>
            <unlogged>false</unlogged>
        </visibility>
        <definition>a!localVariables(
  local!value: "&lt;h1 class=""h1""&gt;(H1)&lt;/h1&gt;&lt;h2 class=""h2""&gt;(H2)&lt;/h2&gt;&lt;h3 class=""h3""&gt;(H3) Large&amp;nbsp;Header&lt;/h3&gt;&lt;h4 class=""h4""&gt;(H4) Medium&amp;nbsp;Header&lt;/h4&gt;&lt;h5 class=""h5""&gt;(H5) Small&amp;nbsp;Header&lt;/h5&gt;&lt;h6 class=""h6""&gt;(H6)&lt;/h6&gt;&lt;p&gt;Normal&lt;/p&gt;&lt;p&gt;&lt;span style=""font-size: 18px;""&gt;Size&amp;nbsp;Change&lt;/span&gt;&lt;/p&gt;&lt;p&gt;&lt;b&gt;Bold&lt;/b&gt;&lt;/p&gt;&lt;p&gt;&lt;i&gt;Italic&lt;/i&gt;&lt;/p&gt;&lt;p&gt;&lt;u&gt;Underline&lt;/u&gt;&lt;/p&gt;&lt;p&gt;&lt;strike&gt;Strike&lt;/strike&gt;&lt;/p&gt;&lt;p&gt;&lt;font color=""#ff9c00""&gt;Text&amp;nbsp;color&lt;/font&gt;&lt;/p&gt;&lt;p&gt;&lt;span style=""background-color: rgb(255, 255, 0);""&gt;Background&amp;nbsp;color&lt;/span&gt;&lt;/p&gt;&lt;ol&gt;&lt;li&gt;Ordered&amp;nbsp;List&lt;ol&gt;&lt;li&gt;Nested&amp;nbsp;ordered&amp;nbsp;list&lt;/li&gt;&lt;/ol&gt;&lt;/li&gt;&lt;/ol&gt;&lt;p&gt;&lt;/p&gt;&lt;ol&gt;&lt;/ol&gt;&lt;p&gt;&lt;/p&gt;&lt;p&gt;&lt;br&gt;&lt;/p&gt;&lt;ul&gt;&lt;li&gt;Unordered&amp;nbsp;List&lt;ul&gt;&lt;li&gt;Nested&amp;nbsp;unordered&amp;nbsp;list&lt;/li&gt;&lt;/ul&gt;&lt;/li&gt;&lt;/ul&gt;&lt;p&gt;&lt;/p&gt;&lt;ul&gt;&lt;/ul&gt;&lt;p&gt;&lt;/p&gt;&lt;p style=""text-align: center;""&gt;Align&amp;nbsp;Center&lt;/p&gt;&lt;p style=""text-align: right;""&gt;Align&amp;nbsp;Right&lt;/p&gt;&lt;p style=""text-align: justify;""&gt;Justify&lt;/p&gt;&lt;p style=""text-align: justify; margin-left: 25px;""&gt;Indent&amp;nbsp;1&lt;/p&gt;&lt;p style=""text-align: justify; margin-left: 50px;""&gt;Indent&amp;nbsp;2&lt;/p&gt;&lt;table class=""table table-bordered""&gt;&lt;tbody&gt;&lt;tr&gt;&lt;td&gt;Table&amp;nbsp;C1R1&lt;/td&gt;&lt;td&gt;Table&amp;nbsp;C2R1&lt;br&gt;&lt;/td&gt;&lt;/tr&gt;&lt;tr&gt;&lt;td&gt;Table&amp;nbsp;C1R2&lt;br&gt;&lt;/td&gt;&lt;td&gt;Table&amp;nbsp;C2R2&lt;br&gt;&lt;/td&gt;&lt;/tr&gt;&lt;/tbody&gt;&lt;/table&gt;&lt;p style=""text-align: justify;""&gt;&lt;a href=""https://www.google.com/"" target=""_blank""&gt;Link,&amp;nbsp;New&amp;nbsp;Window&lt;/a&gt;&lt;/p&gt;&lt;p style=""text-align: justify;""&gt;&lt;a href=""https://www.google.com/""&gt;Link,&amp;nbsp;Same&amp;nbsp;Window&lt;/a&gt;&lt;/p&gt;",
  /*local!value: "&lt;h1&gt; &lt;span&gt;25.002&lt;/span&gt; Applicability of subparts.&lt;/h1&gt;&lt;p&gt; The following table shows the applicability of the subparts. subpart&amp;nbsp; 25.5 provides comprehensive procedures for offer evaluation and examples.&lt;/p&gt;&lt;table&gt; &lt;caption&gt;&lt;/caption&gt; &lt;tbody&gt;&lt;tr&gt; &lt;th&gt; &lt;p&gt;Subpart&lt;/p&gt; &lt;/th&gt; &lt;th colspan=""2""&gt; &lt;p&gt;Supplies For Use&lt;/p&gt; &lt;/th&gt; &lt;th colspan=""2""&gt; &lt;p&gt;Construction&lt;/p&gt; &lt;/th&gt; &lt;th colspan=""2""&gt; &lt;p&gt;Services Performed&lt;/p&gt; &lt;/th&gt; &lt;/tr&gt; &lt;tr&gt; &lt;th&gt;&lt;/th&gt; &lt;th&gt; &lt;p&gt;Inside U.S.&lt;/p&gt; &lt;/th&gt; &lt;th&gt; &lt;p&gt;Outside U.S.&lt;/p&gt; &lt;/th&gt; &lt;th&gt; &lt;p&gt;Inside U.S.&lt;/p&gt; &lt;/th&gt; &lt;th&gt; &lt;p&gt;Outside U.S.&lt;/p&gt; &lt;/th&gt; &lt;th&gt; &lt;p&gt;Inside U.S.&lt;/p&gt; &lt;/th&gt; &lt;th&gt; &lt;p&gt;Outside U.S.&lt;/p&gt; &lt;/th&gt; &lt;/tr&gt; &lt;/tbody&gt;&lt;tbody&gt; &lt;tr&gt; &lt;td&gt; 25.1 Buy American- Supplies &lt;/td&gt; &lt;td&gt; &lt;p&gt;X&lt;/p&gt; &lt;/td&gt; &lt;td&gt; &lt;p&gt;-&lt;/p&gt; &lt;/td&gt; &lt;td&gt; &lt;p&gt;-&lt;/p&gt; &lt;/td&gt; &lt;td&gt; &lt;p&gt;-&lt;/p&gt; &lt;/td&gt; &lt;td&gt; &lt;p&gt;-&lt;/p&gt; &lt;/td&gt; &lt;td&gt; &lt;p&gt;-&lt;/p&gt; &lt;/td&gt; &lt;/tr&gt; &lt;tr&gt; &lt;td&gt; 25.2 Buy American- Construction Materials &lt;/td&gt; &lt;td&gt; &lt;p&gt;-&lt;/p&gt; &lt;/td&gt; &lt;td&gt; &lt;p&gt;-&lt;/p&gt; &lt;/td&gt; &lt;td&gt; &lt;p&gt;X&lt;/p&gt; &lt;/td&gt; &lt;td&gt; &lt;p&gt;-&lt;/p&gt; &lt;/td&gt; &lt;td&gt; &lt;p&gt;-&lt;/p&gt; &lt;/td&gt; &lt;td&gt; &lt;p&gt;-&lt;/p&gt; &lt;/td&gt; &lt;/tr&gt; &lt;tr&gt; &lt;td&gt; 25.3 Contracts Performed Outside the United States &lt;/td&gt; &lt;td&gt; &lt;p&gt;-&lt;/p&gt; &lt;/td&gt; &lt;td&gt; &lt;p&gt;X&lt;/p&gt; &lt;/td&gt; &lt;td&gt; &lt;p&gt;-&lt;/p&gt; &lt;/td&gt; &lt;td&gt; &lt;p&gt;X&lt;/p&gt; &lt;/td&gt; &lt;td&gt; &lt;p&gt;-&lt;/p&gt; &lt;/td&gt; &lt;td&gt; &lt;p&gt;X&lt;/p&gt; &lt;/td&gt; &lt;/tr&gt; &lt;tr&gt; &lt;td&gt; 25.4 Trade Agreements &lt;/td&gt; &lt;td&gt; &lt;p&gt;X&lt;/p&gt; &lt;/td&gt; &lt;td&gt; &lt;p&gt;X&lt;/p&gt; &lt;/td&gt; &lt;td&gt; &lt;p&gt;X&lt;/p&gt; &lt;/td&gt; &lt;td&gt; &lt;p&gt;X&lt;/p&gt; &lt;/td&gt; &lt;td&gt; &lt;p&gt;X&lt;/p&gt; &lt;/td&gt; &lt;td&gt; &lt;p&gt;X&lt;/p&gt; &lt;/td&gt; &lt;/tr&gt; &lt;tr&gt; &lt;td&gt; 25.5 Evaluating Foreign Offers- Supply Contracts &lt;/td&gt; &lt;td&gt; &lt;p&gt;X&lt;/p&gt; &lt;/td&gt; &lt;td&gt; &lt;p&gt;X&lt;/p&gt; &lt;/td&gt; &lt;td&gt; &lt;p&gt;-&lt;/p&gt; &lt;/td&gt; &lt;td&gt; &lt;p&gt;-&lt;/p&gt; &lt;/td&gt; &lt;td&gt; &lt;p&gt;-&lt;/p&gt; &lt;/td&gt; &lt;td&gt; &lt;p&gt;-&lt;/p&gt; &lt;/td&gt; &lt;/tr&gt; &lt;tr&gt; &lt;td&gt; 25.6 American Recovery and Reinvestment Act-Buy American statute-Construction Materials &lt;/td&gt; &lt;td&gt; &lt;p&gt;&lt;/p&gt; &lt;/td&gt; &lt;td&gt; &lt;p&gt;&lt;/p&gt; &lt;/td&gt; &lt;td&gt; &lt;p&gt;X&lt;/p&gt; &lt;/td&gt; &lt;td&gt; &lt;p&gt;&lt;/p&gt; &lt;/td&gt; &lt;td&gt; &lt;p&gt;&lt;/p&gt; &lt;/td&gt; &lt;td&gt; &lt;p&gt;&lt;/p&gt; &lt;/td&gt; &lt;/tr&gt; &lt;tr&gt; &lt;td&gt; 25.7 Prohibited Sources &lt;/td&gt; &lt;td&gt; &lt;p&gt;X&lt;/p&gt; &lt;/td&gt; &lt;td&gt; &lt;p&gt;X&lt;/p&gt; &lt;/td&gt; &lt;td&gt; &lt;p&gt;X&lt;/p&gt; &lt;/td&gt; &lt;td&gt; &lt;p&gt;X&lt;/p&gt; &lt;/td&gt; &lt;td&gt; &lt;p&gt;X&lt;/p&gt; &lt;/td&gt; &lt;td&gt; &lt;p&gt;X&lt;/p&gt; &lt;/td&gt; &lt;/tr&gt; &lt;tr&gt; &lt;td&gt; 25.8 Other International Agreements and Coordination &lt;/td&gt; &lt;td&gt; &lt;p&gt;X&lt;/p&gt; &lt;/td&gt; &lt;td&gt; &lt;p&gt;X&lt;/p&gt; &lt;/td&gt; &lt;td&gt; &lt;p&gt;-&lt;/p&gt; &lt;/td&gt; &lt;td&gt; &lt;p&gt;X&lt;/p&gt; &lt;/td&gt; &lt;td&gt; &lt;p&gt;-&lt;/p&gt; &lt;/td&gt; &lt;td&gt; &lt;p&gt;X&lt;/p&gt; &lt;/td&gt; &lt;/tr&gt; &lt;tr&gt; &lt;td&gt; 25.9 Customs and Duties &lt;/td&gt; &lt;td&gt; &lt;p&gt;X&lt;/p&gt; &lt;/td&gt; &lt;td&gt; &lt;p&gt;-&lt;/p&gt; &lt;/td&gt; &lt;td&gt; &lt;p&gt;-&lt;/p&gt; &lt;/td&gt; &lt;td&gt; &lt;p&gt;-&lt;/p&gt; &lt;/td&gt; &lt;td&gt; &lt;p&gt;-&lt;/p&gt; &lt;/td&gt; &lt;td&gt; &lt;p&gt;-&lt;/p&gt; &lt;/td&gt; &lt;/tr&gt; &lt;tr&gt; &lt;td&gt; 25.10 Additional Foreign Acquisition Regulations &lt;/td&gt; &lt;td&gt; &lt;p&gt;X&lt;/p&gt; &lt;/td&gt; &lt;td&gt; &lt;p&gt;X&lt;/p&gt; &lt;/td&gt; &lt;td&gt; &lt;p&gt;X&lt;/p&gt; &lt;/td&gt; &lt;td&gt; &lt;p&gt;X&lt;/p&gt; &lt;/td&gt; &lt;td&gt; &lt;p&gt;X&lt;/p&gt; &lt;/td&gt; &lt;td&gt; &lt;p&gt;X&lt;/p&gt; &lt;/td&gt; &lt;/tr&gt; &lt;tr&gt; &lt;td&gt; 25.11 Solicitation Provisions and Contract Clauses &lt;/td&gt; &lt;td&gt; &lt;p&gt;X&lt;/p&gt; &lt;/td&gt; &lt;td&gt; &lt;p&gt;X&lt;/p&gt; &lt;/td&gt; &lt;td&gt; &lt;p&gt;X&lt;/p&gt; &lt;/td&gt; &lt;td&gt; &lt;p&gt;X&lt;/p&gt; &lt;/td&gt; &lt;td&gt; &lt;p&gt;X&lt;/p&gt; &lt;/td&gt; &lt;td&gt; &lt;p&gt;X&lt;/p&gt; &lt;/td&gt; &lt;/tr&gt; &lt;/tbody&gt;&lt;/table&gt;",*/
  /*local!value: "&lt;table style=""font-size:10pt;border:none""&gt;&lt;tbody&gt;&lt;tr style=""""&gt;&lt;td style=""text-align:center;""&gt;&lt;a href=""https://home.appian.com/suite/sites/engineering-product/page/features/record/lYBU8YV4nEFVwMuczIPH9OOLwvCDJh2UpnKRx_HPT7jwmmWgqwjH3uZ7H-UC_6jYUl92BNFyJuFXx5BD7iILdQEYhLZf9YtbRgCys7Ty5fyltmjInitFw/view/summary"" target=""_blank""&gt;Text Versioning&lt;/a&gt;&lt;/td&gt;&lt;td style=""text-align:center;""&gt;&lt;span style=""font-size:10pt;""&gt;RELEASE &lt;/span&gt;&lt;span style=""font-size:10pt;""&gt;v1.2&lt;/span&gt;&lt;/td&gt;&lt;/tr&gt;&lt;tr style=""""&gt;&lt;td style=""text-align:center;""&gt;&lt;a href=""https://home.appian.com/suite/sites/engineering-product/page/features/record/lYBU8YV4nEFVwMuczIPH9OOLwvCDJh2UpnKRx_HPT7jwmmWgqwjH3uZ7H-UC_6jYUl92BNFyJuFXx5BD7iILN8CYoOhJmcWrG4RO3Ah6enNNzunj6SixA/view/summary"" target=""_blank""&gt;Auto-Deployer - Reduce Likelihood of Deployment Errors&lt;/a&gt;&lt;/td&gt;&lt;td style=""""&gt;&lt;/td&gt;&lt;/tr&gt;&lt;tr style=""""&gt;&lt;td style=""""&gt;&lt;/td&gt;&lt;td style=""""&gt;&lt;/td&gt;&lt;/tr&gt;&lt;tr style=""""&gt;&lt;td style=""""&gt;&lt;/td&gt;&lt;td style=""""&gt;&lt;/td&gt;&lt;/tr&gt;&lt;tr style=""""&gt;&lt;td style=""""&gt;&lt;/td&gt;&lt;td style=""""&gt;&lt;/td&gt;&lt;/tr&gt;&lt;tr style=""""&gt;&lt;td style=""text-align:center;""&gt;&lt;a href=""https://home.appian.com/suite/sites/engineering-product/page/features/record/lYBU8YV4nEFVwMuczIPH9OOLwvCDJh2UpnKRx_HPT7jwmmWgqwjH3uZ7H-UC_6jYUl92BNFyJuFXx5BD7iILN4BYtmpPrzSEGApVemxLhxXop9-baMUjQ/view/summary"" target=""_blank""&gt;Surface Results of Solutions Safety Net Testing&lt;/a&gt;&lt;/td&gt;&lt;td style=""""&gt;&lt;/td&gt;&lt;/tr&gt;&lt;tr style=""""&gt;&lt;td style=""""&gt;&lt;/td&gt;&lt;td style=""""&gt;&lt;/td&gt;&lt;/tr&gt;&lt;tr style=""""&gt;&lt;td style=""""&gt;&lt;a href=""https://home.appian.com/suite/sites/engineering-product/page/features/record/lYBU8YV4nEFVwMuczIPH9OOLwvCDJh2UpnKRx_HPT7jwmmWgqwjH3uZ7H-UC_6jYUl92BNFyJuFXx5BD7iILN4EYkJ9_7DVuQwCRjtaezhkrurGFq7JmA/view/summary"" target=""_blank""&gt;Rich Text Plugin - Table Support&lt;/a&gt;&lt;/td&gt;&lt;td style=""""&gt;&lt;/td&gt;&lt;/tr&gt;&lt;/tbody&gt;&lt;/table&gt;",*/
  /*local!value: "&lt;p&gt;&lt;/p&gt;";*/
  /*local!value: "hi */
  /*there",*/
  /*local!value: " &lt;script&gt;window.open('https://www.google.com');&lt;/script&gt;*/
  /*hi there";*/
  /*local!value: "&lt;h3 class=""h3""&gt;&lt;font color=""#9c9c94"" style=""font-weight: normal;""&gt;&lt;i&gt;Lorem ipsum dolor sit amet, consectetur adipiscing elit. Quisque at pellentesque neque, vel consectetur massa. Pellentesque non mattis massa. Donec est arcu, suscipit vitae erat in, dictum ultrices eros. Donec pellentesque efficitur nisi mollis consectetur. Donec nec sapien eget lacus dignissim ultricies ac in nunc. Nullam eget ex congue, scelerisque libero at, gravida nunc. Duis non varius lorem. Curabitur ac molestie lorem, sit amet placerat turpis. Vestibulum hendrerit est nec ornare posuere.&lt;/i&gt;&lt;/font&gt;&lt;/h3&gt;",*/
  local!height: "AUTO",
  local!showWhen: true,
  local!readOnly,
  local!disabled,
  local!maxSize: 1000000,
  local!rand: a!refreshVariable(value: rand() &gt; .5, refreshAlways: true),
  {
    #"SYSTEM_SYSRULES_textField"(
      notAParam: null,
      label: "Millisecond (check refresh/save out)",
      value: milli(now()),
      readOnly: true
    ),
    #"SYSTEM_SYSRULES_sectionLayout_v1"(
      label: "Outputs",
      contents: {
        #"SYSTEM_SYSRULES_ButtonArrayLayout"(
          align: "START",
          buttons: #"SYSTEM_SYSRULES_ButtonWidget"(
            label: "Clear text",
            saveInto: a!save(local!value, null)
          )
        ),
        #"SYSTEM_SYSRULES_columnsLayout"(
          columns: {
            #"SYSTEM_SYSRULES_columnLayout"(
              contents: {
                #"SYSTEM_SYSRULES_paragraphField"(
                  label: "HTML value",
                  value: local!value,
                  saveInto: local!value,
                  characterLimit: local!maxSize
                )
              }
            ),
            #"SYSTEM_SYSRULES_columnLayout"(
              contents: {
                #"SYSTEM_SYSRULES_paragraphField"(
                  label: "HTML value expressionized",
                  value: toexpression_appian_internal(local!value)
                )
              }
            )
          }
        ),
        #"SYSTEM_SYSRULES_columnsLayout"(
          columns: {
            #"SYSTEM_SYSRULES_columnLayout"(
              contents: {
                #"SYSTEM_SYSRULES_paragraphField"(
                  label: "Unique HTML tags",
                  value: a!localVariables(
                    local!tags: regexallmatches(
                      "(?&lt;=&lt;\/?)\w+(?=[^&gt;]*&gt;)",
                      local!value,
                      "g"
                    ),
                    joinarray(union(local!tags, local!tags), char(10))
                  )
                )
              }
            ),
            #"SYSTEM_SYSRULES_columnLayout"(
              contents: {
                #"SYSTEM_SYSRULES_paragraphField"(
                  label: "Unique HTML attibutes",
                  value: a!localVariables(
                    local!tags: regexallmatches("&lt;\/?\w+[^&gt;]*&gt;", local!value, "g"),
                    local!attributes: a!flatten(
                      #"SYSTEM_SYSRULES_forEach"(
                        items: local!tags,
                        expression: regexallmatches("\w+(?==""[^""]*"")", fv!item, "g")
                      )
                    ),
                    joinarray(
                      union(local!attributes, local!attributes),
                      char(10)
                    )
                  )
                )
              }
            ),
            #"SYSTEM_SYSRULES_columnLayout"(
              contents: {
                #"SYSTEM_SYSRULES_paragraphField"(
                  label: "Unique style attibutes",
                  value: a!localVariables(
                    local!tags: regexallmatches("&lt;\/?\w+[^&gt;]*&gt;", local!value, "g"),
                    local!attributes: a!flatten(
                      #"SYSTEM_SYSRULES_forEach"(
                        items: local!tags,
                        expression: a!flatten(
                          #"SYSTEM_SYSRULES_forEach"(
                            items: extract(fv!item, """", """"),
                            expression: regexallmatches("[\w-]+(?=:.*;)", fv!item, "g")
                          )
                        )
                      )
                    ),
                    joinarray(
                      union(local!attributes, local!attributes),
                      char(10)
                    )
                  )
                )
              }
            )
          }
        )
      }
    ),
    #"SYSTEM_SYSRULES_sectionLayout_v1"(
      label: "Inputs",
      contents: {
        #"SYSTEM_SYSRULES_integerField"(
          label: "Max size",
          value: local!maxSize,
          saveInto: local!maxSize
        ),
        #"SYSTEM_SYSRULES_radioButtonField"(
          label: "Read only",
          choiceLabels: { true, false },
          choiceValues: { true, false },
          value: local!readOnly,
          saveInto: local!readOnly,
          choiceLayout: "COMPACT"
        ),
        #"SYSTEM_SYSRULES_radioButtonField"(
          label: "Show when",
          choiceLabels: { true, false },
          choiceValues: { true, false },
          value: local!showWhen,
          saveInto: local!showWhen,
          choiceLayout: "COMPACT"
        ),
        #"SYSTEM_SYSRULES_radioButtonField"(
          label: "Disabled",
          choiceLabels: { true, false },
          choiceValues: { true, false },
          value: local!disabled,
          saveInto: local!disabled,
          choiceLayout: "COMPACT"
        ),
        #"SYSTEM_SYSRULES_radioButtonField"(
          label: "Height",
          choiceLabels: { "AUTO", "TALL", "MEDIUM", "SHORT" },
          choiceValues: { "AUTO", "TALL", "MEDIUM", "SHORT" },
          value: if(local!readOnly, "AUTO", local!height),
          disabled: local!readOnly,
          saveInto: local!height,
          choiceLayout: "COMPACT"
        )
      }
    ),
    #"SYSTEM_SYSRULES_sectionLayout_v1"(
      label: "Editor",
      contents: {
        fn!richTextFieldWithTables(
          label: "Rich text editor",
          disabled: local!disabled,
          height: if(local!readOnly, "AUTO", local!height),
          richTextValue: local!value,
          richTextSaveInto: local!value,
          readOnly: local!readOnly,
          maxSize: local!maxSize,
          showWhen: local!showWhen,
          placeholder: "Some placeholder"
        ),
        #"SYSTEM_SYSRULES_textField"(
          label: "Some field below to check height"
        )
      }
    )
  }
)</definition>
        <preferredEditor>interface</preferredEditor>
        <offlineEnabled>false</offlineEnabled>
    </rule>
    <roleMap public="true">
        <role inherit="true" allowForAll="false" name="readers">
            <users/>
            <groups/>
        </role>
        <role inherit="true" allowForAll="false" name="authors">
            <users/>
            <groups/>
        </role>
        <role inherit="true" allowForAll="false" name="administrators">
            <users/>
            <groups/>
        </role>
        <role inherit="false" allowForAll="false" name="denyReaders">
            <users/>
            <groups/>
        </role>
        <role inherit="false" allowForAll="false" name="denyAuthors">
            <users/>
            <groups/>
        </role>
        <role inherit="false" allowForAll="false" name="denyAdministrators">
            <users/>
            <groups/>
        </role>
    </roleMap>
    <history>
        <historyInfo versionUuid="_a-0000e6b6-9128-8000-b252-01ef9001ef90_11787"/>
        <historyInfo versionUuid="_a-0000e6e0-9a21-8000-d6a9-01ef9001ef90_7509"/>
        <historyInfo versionUuid="_a-0000e6e0-9a21-8000-d6a9-01ef9001ef90_8023"/>
        <historyInfo versionUuid="_a-0000e6e0-9a21-8000-d6a9-01ef9001ef90_11020"/>
        <historyInfo versionUuid="_a-0000e6e0-9a21-8000-d6a9-01ef9001ef90_12317"/>
    </history>
</contentHaul>
