<?xml version="1.0" encoding="UTF-8" standalone="yes"?>
<contentHaul xmlns:a="http://www.appian.com/ae/types/2009">
    <versionUuid>_a-0000e645-3d7c-8000-da55-01ef9001ef90_10880</versionUuid>
    <rule>
        <name>RT_FormatQuillHtmlAsRealHtml</name>
        <uuid>_a-0000e645-3d7c-8000-da55-01ef9001ef90_10499</uuid>
        <description></description>
        <parentUuid>_a-0000e20e-f1f8-8000-c28e-03ef9003ef90_24075</parentUuid>
        <visibility>
            <advertise>false</advertise>
            <hierarchy>true</hierarchy>
            <indexable>true</indexable>
            <quota>false</quota>
            <searchable>true</searchable>
            <system>false</system>
            <unlogged>false</unlogged>
        </visibility>
        <definition>with(
  local!initialListReplace: reduce(
    #"_a-0000e645-3d7c-8000-da55-01ef9001ef90_10529"(html: _, match: _),
    ri!html,
    reverse(
      regexsearch("&lt;(ul|ol)&gt;.*?&lt;\/\1&gt;", ri!html, "g")
    )
  ),
  
  local!duplicateListReplaceReducer: Lambda_appian_internal(
    ri!html,
    ri!index,
    regexreplaceall(
      "&lt;\/(ul|ol)&gt;&lt;\1.*?&gt;",
      ri!html,
      ""
    ),
  ),
  
  local!duplicateListReplace: reduce(
    local!duplicateListReplaceReducer(
      html: _,
      index: _
    ),
    local!initialListReplace,
    enumerate(20)
  ),
  
  local!indentReplaceReducer: Lambda_appian_internal(
    ri!html,
    ri!level,
    regexreplaceall(
      "class=""ql-indent-" &amp; ri!level &amp; """",
      ri!html,
      "style=""margin-left:" &amp; ri!level * 2 &amp; "em"""
    )
  ),
  
  local!indentReplace: reduce(
    local!indentReplaceReducer(html: _, level: _),
    local!duplicateListReplace,
    reverse(enumerate(20) + 1)
  ),
  
  local!indentReplace
)</definition>
        <namedTypedValue>
            <name>html</name>
            <type>
                <name>string</name>
                <namespace>http://www.w3.org/2001/XMLSchema</namespace>
            </type>
            <value/>
        </namedTypedValue>
        <preferredEditor>legacy</preferredEditor>
        <offlineEnabled>false</offlineEnabled>
    </rule>
    <roleMap public="true">
        <role inherit="true" allowForAll="false" name="readers">
            <users/>
            <groups/>
        </role>
        <role inherit="true" allowForAll="false" name="authors">
            <users/>
            <groups/>
        </role>
        <role inherit="true" allowForAll="false" name="administrators">
            <users/>
            <groups/>
        </role>
        <role inherit="false" allowForAll="false" name="denyReaders">
            <users/>
            <groups/>
        </role>
        <role inherit="false" allowForAll="false" name="denyAuthors">
            <users/>
            <groups/>
        </role>
        <role inherit="false" allowForAll="false" name="denyAdministrators">
            <users/>
            <groups/>
        </role>
    </roleMap>
    <history>
        <historyInfo versionUuid="_a-0000e645-3d7c-8000-da55-01ef9001ef90_10683"/>
        <historyInfo versionUuid="_a-0000e645-3d7c-8000-da55-01ef9001ef90_10880"/>
    </history>
</contentHaul>
