<?xml version="1.0" encoding="UTF-8" standalone="yes"?>
<contentHaul xmlns:a="http://www.appian.com/ae/types/2009">
    <versionUuid>_a-0000e23e-16b8-8000-ad28-01ef9001ef90_23767</versionUuid>
    <rule>
        <name>RT_RichTextDemo</name>
        <uuid>_a-0000e20f-dfd7-8000-c28e-03ef9003ef90_24246</uuid>
        <description></description>
        <parentUuid>_a-0000e20e-f1f8-8000-c28e-03ef9003ef90_24075</parentUuid>
        <visibility>
            <advertise>false</advertise>
            <hierarchy>true</hierarchy>
            <indexable>true</indexable>
            <quota>false</quota>
            <searchable>true</searchable>
            <system>false</system>
            <unlogged>false</unlogged>
        </visibility>
        <definition>load(
  local!value: "&lt;p&gt;&lt;strong&gt;Appian Corporation&lt;/strong&gt;&amp;nbsp;is a&amp;nbsp;&lt;a href=""https://en.wikipedia.org/wiki/Cloud_computing"" target=""_blank"" style=""background-color: initial; color: rgb(11, 0, 128);""&gt;cloud computing&lt;/a&gt;&amp;nbsp;company currently headquartered in&amp;nbsp;&lt;a href=""https://en.wikipedia.org/wiki/Reston,_Virginia"" target=""_blank"" style=""background-color: initial; color: rgb(11, 0, 128);""&gt;Reston, Virginia&lt;/a&gt;, part of the&amp;nbsp;&lt;a href=""https://en.wikipedia.org/wiki/Dulles_Technology_Corridor"" target=""_blank"" style=""background-color: initial; color: rgb(11, 0, 128);""&gt;Dulles Technology Corridor&lt;/a&gt;.&lt;/p&gt;&lt;p&gt;&lt;br&gt;&lt;/p&gt;&lt;p&gt;&lt;strong&gt;Appian sells a&amp;nbsp;&lt;/strong&gt;&lt;a href=""https://en.wikipedia.org/wiki/Platform_as_a_Service"" target=""_blank"" style=""background-color: initial; color: rgb(11, 0, 128);""&gt;Platform as a Service&lt;/a&gt;&amp;nbsp;for building enterprise software applications. It competes in the Low-Code Development,&amp;nbsp;Business Process Management,&amp;nbsp;and Case Management&amp;nbsp;markets.&lt;/p&gt;&lt;p&gt;&lt;br&gt;&lt;/p&gt;&lt;p&gt;Appian was named the 2018 Washington D.C. area ""Top Workplace"" by&amp;nbsp;&lt;a href=""https://en.wikipedia.org/wiki/The_Washington_Post"" target=""_blank"" style=""background-color: initial; color: rgb(11, 0, 128);""&gt;The Washington Post&lt;/a&gt;.&lt;/p&gt;",
  local!readOnly: false,
  local!disabled: false,
  local!maxSize: 100000,
  local!height: "AUTO",
  #"_a-0000e224-c83f-8000-cd5e-01ef9001ef90_25133"(
    value: local!value,
    disabled: local!disabled,
    readOnly: local!readOnly,
    maxSize: local!maxSize,
    height: local!height
  )
)</definition>
        <preferredEditor>interface</preferredEditor>
        <offlineEnabled>false</offlineEnabled>
    </rule>
    <roleMap public="true">
        <role inherit="true" allowForAll="false" name="readers">
            <users/>
            <groups/>
        </role>
        <role inherit="true" allowForAll="false" name="authors">
            <users/>
            <groups/>
        </role>
        <role inherit="true" allowForAll="false" name="administrators">
            <users/>
            <groups/>
        </role>
        <role inherit="false" allowForAll="false" name="denyReaders">
            <users/>
            <groups/>
        </role>
        <role inherit="false" allowForAll="false" name="denyAuthors">
            <users/>
            <groups/>
        </role>
        <role inherit="false" allowForAll="false" name="denyAdministrators">
            <users/>
            <groups/>
        </role>
    </roleMap>
    <history>
        <historyInfo versionUuid="_a-0000e20f-dfd7-8000-c28e-03ef9003ef90_24568"/>
        <historyInfo versionUuid="_a-0000e221-a0be-8000-3e90-01ef9001ef90_23960"/>
        <historyInfo versionUuid="_a-0000e223-85ce-8000-3e90-01ef9001ef90_23967"/>
        <historyInfo versionUuid="_a-0000e223-85ce-8000-3e90-01ef9001ef90_24023"/>
        <historyInfo versionUuid="_a-0000e224-c83f-8000-cd5e-01ef9001ef90_24012"/>
        <historyInfo versionUuid="_a-0000e224-c83f-8000-cd5e-01ef9001ef90_24057"/>
        <historyInfo versionUuid="_a-0000e224-c83f-8000-cd5e-01ef9001ef90_24105"/>
        <historyInfo versionUuid="_a-0000e224-c83f-8000-cd5e-01ef9001ef90_25150"/>
        <historyInfo versionUuid="_a-0000e224-c83f-8000-cd5e-01ef9001ef90_26446"/>
        <historyInfo versionUuid="_a-0000e23e-16b8-8000-ad28-01ef9001ef90_23767"/>
    </history>
</contentHaul>
