<?xml version="1.0" encoding="UTF-8" standalone="yes"?>
<contentHaul xmlns:a="http://www.appian.com/ae/types/2009">
    <versionUuid>_a-0000e6b6-9128-8000-b252-01ef9001ef90_9746</versionUuid>
    <rule>
        <name>RT_Main</name>
        <uuid>_a-0000e224-c83f-8000-cd5e-01ef9001ef90_25133</uuid>
        <description></description>
        <parentUuid>_a-0000e20e-f1f8-8000-c28e-03ef9003ef90_24075</parentUuid>
        <visibility>
            <advertise>false</advertise>
            <hierarchy>true</hierarchy>
            <indexable>true</indexable>
            <quota>false</quota>
            <searchable>true</searchable>
            <system>false</system>
            <unlogged>false</unlogged>
        </visibility>
        <definition>a!localVariables(
  local!value: "&lt;p&gt;&lt;strong&gt;Appian Corporation&lt;/strong&gt;&amp;nbsp;is a&amp;nbsp;&lt;a href=""https://en.wikipedia.org/wiki/Cloud_computing"" target=""_blank"" style=""background-color: initial; color: rgb(11, 0, 128);""&gt;cloud computing&lt;/a&gt;&amp;nbsp;company currently headquartered in&amp;nbsp;&lt;a href=""https://en.wikipedia.org/wiki/Reston,_Virginia"" target=""_blank"" style=""background-color: initial; color: rgb(11, 0, 128);""&gt;Reston, Virginia&lt;/a&gt;, part of the&amp;nbsp;&lt;a href=""https://en.wikipedia.org/wiki/Dulles_Technology_Corridor"" target=""_blank"" style=""background-color: initial; color: rgb(11, 0, 128);""&gt;Dulles Technology Corridor&lt;/a&gt;.&lt;/p&gt;&lt;p&gt;&lt;br&gt;&lt;/p&gt;&lt;p&gt;&lt;strong&gt;Appian sells a&amp;nbsp;&lt;/strong&gt;&lt;a href=""https://en.wikipedia.org/wiki/Platform_as_a_Service"" target=""_blank"" style=""background-color: initial; color: rgb(11, 0, 128);""&gt;Platform as a Service&lt;/a&gt;&amp;nbsp;for building enterprise software applications. It competes in the Low-Code Development,&amp;nbsp;Business Process Management,&amp;nbsp;and Case Management&amp;nbsp;markets.&lt;/p&gt;&lt;p&gt;&lt;br&gt;&lt;/p&gt;&lt;p&gt;Appian was named the 2018 Washington D.C. area ""Top Workplace"" by&amp;nbsp;&lt;a href=""https://en.wikipedia.org/wiki/The_Washington_Post"" target=""_blank"" style=""background-color: initial; color: rgb(11, 0, 128);""&gt;The Washington Post&lt;/a&gt;.&lt;/p&gt;",
  local!readOnly: false,
  local!disabled: false,
  local!maxSize: 100000,
  local!height: "AUTO",
  local!email: #"_a-0000e23e-16b8-8000-ad28-01ef9001ef90_24952",
  local!enableProgressBar: false,
  local!formatOptions: {"header", "size", "bold", "italic", "underline", "strike", "color", "background", "link", "align", "indent", "list"},
  local!allowedFormats: local!formatOptions,
  {
    #"SYSTEM_SYSRULES_sectionLayout_v1"(
      label: "Editable Component",
      isCollapsible: true,
      contents: {
        #"SYSTEM_SYSRULES_columnsLayout"(
          columns: {
            #"SYSTEM_SYSRULES_columnLayout"(
              notAParam: false,
              contents: {
                #"SYSTEM_SYSRULES_paragraphField"(
                  label: "HTML Value",
                  labelPosition: "ABOVE",
                  instructions: "Used " &amp; len(local!value) &amp; " characters",
                  value: local!value,
                  saveInto: local!value,
                  refreshAfter: "UNFOCUS",
                  readonly: false,
                  height: "SHORT"
                ),
                #"SYSTEM_SYSRULES_richTextDisplayField"(
                  value: #"SYSTEM_SYSRULES_forEach"(
                    items: {
                      {label: "Try a normal example", html: #"_a-0000e224-c83f-8000-cd5e-01ef9001ef90_24075"},
                      {label: "Try an example with all styles", html: #"_a-0000e224-c83f-8000-cd5e-01ef9001ef90_26088"},
                      {label: "Try a huge example", html: #"_a-0000e23e-16b8-8000-ad28-01ef9001ef90_24455"},
                    },
                    expression: {
                      #"SYSTEM_SYSRULES_richTextItem_v1"(
                        text: {
                          #"SYSTEM_SYSRULES_richTextIcon"(icon: "paste"),
                          " ",
                          fv!item.label
                        },
                        link: #"SYSTEM_SYSRULES_dynamicLink"(
                          saveInto: {
                            a!save(
                              local!value, 
                              fv!item.html
                            )
                          }
                        ),
                        linkStyle: "STANDALONE"
                      ),
                      #"SYSTEM_SYSRULES_richTextItem_v1"(
                        text: concat(char(9), char(9), char(9)),
                        showWhen: not(fv!isLast)
                      )
                    }
                  )
                ),
                #"SYSTEM_SYSRULES_sideBySideLayout"(
                  items: {
                    #"SYSTEM_SYSRULES_sideBySideItem"(
                      width: "MINIMIZE",
                      item: #"SYSTEM_SYSRULES_richTextDisplayField"(
                        value: #"SYSTEM_SYSRULES_richTextItem_v1"(
                          text: {
                            #"SYSTEM_SYSRULES_richTextIcon"(
                              icon: "envelope"
                            ),
                            " Email yourself rich text"
                          },
                          link: #"SYSTEM_SYSRULES_dynamicLink"(
                            saveInto: #"SYSTEM_SYSRULES_startProcess"(
                              processModel: #"_a-0000e23e-16b8-8000-ad28-01ef9001ef90_24946",
                              processParameters: {
                                value: local!value,
                                email: local!email
                              }
                            )
                          ),
                          linkStyle: "STANDALONE"
                        )
                      )
                    ),
                    #"SYSTEM_SYSRULES_sideBySideItem"(
                      item: #"SYSTEM_SYSRULES_textField"(
                        label: "Send to Email",
                        labelPosition: "ADJACENT",
                        value: local!email,
                        saveInto: a!save(local!email, trim(save!value))
                      )
                    )
                  }
                )
              },
              width: "AUTO"
            ),
            #"SYSTEM_SYSRULES_columnLayout"(
              contents: {
                #"SYSTEM_SYSRULES_sideBySideLayout"(
                  items: {
                    #"SYSTEM_SYSRULES_sideBySideItem"(
                      item: #"SYSTEM_SYSRULES_richTextDisplayField"(
                        label: "Disabled",
                        value: {
                          #"SYSTEM_SYSRULES_richTextItem_v1"(
                            text: {
                              #"SYSTEM_SYSRULES_richTextIcon"(
                                icon: if(local!disabled, "toggle-on", "toggle-off"),
                                size: "LARGE"
                              )
                            },
                            link: #"SYSTEM_SYSRULES_dynamicLink"(
                              saveInto: a!save(local!disabled, not(local!disabled))
                            ),
                            linkStyle: "STANDALONE",
                            color: "POSITIVE"
                          )
                        }
                      )
                    ),
                    #"SYSTEM_SYSRULES_sideBySideItem"(
                      item: #"SYSTEM_SYSRULES_richTextDisplayField"(
                        label: "Read-Only",
                        value: {
                          #"SYSTEM_SYSRULES_richTextItem_v1"(
                            text: {
                              #"SYSTEM_SYSRULES_richTextIcon"(
                                icon: if(local!readOnly, "toggle-on", "toggle-off"),
                                size: "LARGE"
                              )
                            },
                            link: #"SYSTEM_SYSRULES_dynamicLink"(
                              saveInto: a!save(local!readOnly, not(local!readOnly))
                            ),
                            linkStyle: "STANDALONE",
                            color: "POSITIVE"
                          )
                        }
                      )
                    ),
                    #"SYSTEM_SYSRULES_sideBySideItem"(
                      item: #"SYSTEM_SYSRULES_richTextDisplayField"(
                        label: "Progress Bar",
                        value: {
                          #"SYSTEM_SYSRULES_richTextItem_v1"(
                            text: {
                              #"SYSTEM_SYSRULES_richTextIcon"(
                                icon: if(local!enableProgressBar, "toggle-on", "toggle-off"),
                                size: "LARGE"
                              )
                            },
                            link: #"SYSTEM_SYSRULES_dynamicLink"(
                              saveInto: a!save(local!enableProgressBar, not(local!enableProgressBar))
                            ),
                            linkStyle: "STANDALONE",
                            color: "POSITIVE"
                          )
                        }
                      )
                    ),
                    #"SYSTEM_SYSRULES_sideBySideItem"(
                      item: #"SYSTEM_SYSRULES_dropdownField"(
                        label: "Height",
                        placeholderLabel: "Select a height",
                        choiceLabels: {"Auto", "Short", "Medium", "Tall"},
                        choiceValues: {"AUTO", "SHORT", "MEDIUM", "TALL"},
                        value: local!height,
                        saveInto: local!height
                      ) 
                    ),
                    #"SYSTEM_SYSRULES_sideBySideItem"(
                      item: #"SYSTEM_SYSRULES_integerField"(
                        label: "Max Size",
                        labelPosition: "ABOVE",
                        value: local!maxSize,
                        saveInto: local!maxSize,
                        refreshAfter: "UNFOCUS",
                        validations: {}
                      )
                    )
                  }
                ),
                #"SYSTEM_SYSRULES_checkboxField"(
                  label: "Allowed Formats",
                  instructions: "These must be set on page load and cannot be changed, open and edit the interface to change them for testing",
                  choiceLabels: local!formatOptions,
                  choiceValues: local!formatOptions,
                  value: local!allowedFormats,
                  saveInto: local!allowedFormats,
                  disabled: true,
                  choiceLayout: "COMPACT"
                )
              },
              width: "AUTO"
            )
          }
        ),
        #"_a-0000e224-c83f-8000-cd5e-01ef9001ef90_25556"(
          richTextEditor: ri!function(
            label: null,
            labelPosition: "ABOVE",
            disabled: local!disabled,
            validations: {},
            height: local!height,
            richTextValue: local!value,
            richTextSaveInto: local!value,
            readOnly: local!readOnly,
            maxSize: local!maxSize,
            placeholder: "Go nuts with your favorite rich text styles",
            enableProgressBar: local!enableProgressBar,
            allowedFormats: local!allowedFormats,
            imageStorageConnectedSystem: #"_a-0000e4fb-1704-8000-11ed-36ef9036ef90_50018",
            allowImages: true
          ),
          readOnly: local!readOnly
        ),
      }
    ),
    #"_a-0000e23e-16b8-8000-ad28-01ef9001ef90_24346"(
      value: local!value
    ),
    #"SYSTEM_SYSRULES_sectionLayout_v1"(
      label: "Example of multiple read only components",
      isCollapsible: true,
      contents: #"SYSTEM_SYSRULES_forEach"(
        items: enumerate(5),
        expression: #"SYSTEM_SYSRULES_cardLayout"(
          style: "STANDARD",
          marginBelow: "STANDARD",
          contents: ri!function(
            label: null,
            labelPosition: "ABOVE",
            disabled: local!disabled,
            validations: {},
            height: local!height,
            richTextValue: local!value,
            richTextSaveInto: local!value,
            readOnly: true,
            maxSize: local!maxSize,
            placeholder: "Go nuts with your favorite rich text styles",
            enableProgressBar: local!enableProgressBar,
            allowedFormats: local!allowedFormats
          )
        )
      )
    )
  }
)</definition>
        <namedTypedValue>
            <name>function</name>
            <type>
                <name>Variant</name>
                <namespace>http://www.appian.com/ae/types/2009</namespace>
            </type>
        </namedTypedValue>
        <preferredEditor>interface</preferredEditor>
        <offlineEnabled>false</offlineEnabled>
    </rule>
    <roleMap public="true">
        <role inherit="true" allowForAll="false" name="readers">
            <users/>
            <groups/>
        </role>
        <role inherit="true" allowForAll="false" name="authors">
            <users/>
            <groups/>
        </role>
        <role inherit="true" allowForAll="false" name="administrators">
            <users/>
            <groups/>
        </role>
        <role inherit="false" allowForAll="false" name="denyReaders">
            <users/>
            <groups/>
        </role>
        <role inherit="false" allowForAll="false" name="denyAuthors">
            <users/>
            <groups/>
        </role>
        <role inherit="false" allowForAll="false" name="denyAdministrators">
            <users/>
            <groups/>
        </role>
    </roleMap>
    <typedValue>
        <type>
            <name>RuleTestConfig?list</name>
            <namespace>http://www.appian.com/ae/types/2009</namespace>
        </type>
        <value>
            <el>
                <a:name/>
                <a:ruleInputTestConfigs>
                    <a:value xmlns:xsi="http://www.w3.org/2001/XMLSchema-instance" xsi:type="a:Expression">fn!richTextField</a:value>
                    <a:nameRef>function</a:nameRef>
                    <a:id>1</a:id>
                </a:ruleInputTestConfigs>
                <a:assertions xmlns:xsi="http://www.w3.org/2001/XMLSchema-instance" xsi:nil="true"/>
            </el>
        </value>
    </typedValue>
    <history>
        <historyInfo versionUuid="_a-0000e224-c83f-8000-cd5e-01ef9001ef90_25138"/>
        <historyInfo versionUuid="_a-0000e224-c83f-8000-cd5e-01ef9001ef90_25339"/>
        <historyInfo versionUuid="_a-0000e224-c83f-8000-cd5e-01ef9001ef90_25484"/>
        <historyInfo versionUuid="_a-0000e224-c83f-8000-cd5e-01ef9001ef90_25544"/>
        <historyInfo versionUuid="_a-0000e224-c83f-8000-cd5e-01ef9001ef90_25845"/>
        <historyInfo versionUuid="_a-0000e224-c83f-8000-cd5e-01ef9001ef90_25890"/>
        <historyInfo versionUuid="_a-0000e224-c83f-8000-cd5e-01ef9001ef90_26003"/>
        <historyInfo versionUuid="_a-0000e224-c83f-8000-cd5e-01ef9001ef90_26491"/>
        <historyInfo versionUuid="_a-0000e234-fe2a-8000-ad28-01ef9001ef90_23743"/>
        <historyInfo versionUuid="_a-0000e23e-16b8-8000-ad28-01ef9001ef90_24560"/>
        <historyInfo versionUuid="_a-0000e23e-16b8-8000-ad28-01ef9001ef90_25014"/>
        <historyInfo versionUuid="_a-0000e4fb-1704-8000-11ed-36ef9036ef90_50039"/>
        <historyInfo versionUuid="_a-0000e6b6-9128-8000-b252-01ef9001ef90_9746"/>
    </history>
</contentHaul>
