<?xml version="1.0" encoding="UTF-8" standalone="yes"?>
<contentHaul xmlns:a="http://www.appian.com/ae/types/2009">
    <versionUuid>_a-0000e6e0-9a21-8000-d6a9-01ef9001ef90_7763</versionUuid>
    <rule>
        <name>RT_VerifyHtmlCleaning</name>
        <uuid>_a-0000e6e0-9a21-8000-d6a9-01ef9001ef90_7691</uuid>
        <description></description>
        <parentUuid>SYSTEM_RULE_FOLDER_QUICK_APPS</parentUuid>
        <visibility>
            <advertise>false</advertise>
            <hierarchy>true</hierarchy>
            <indexable>true</indexable>
            <quota>false</quota>
            <searchable>true</searchable>
            <system>false</system>
            <unlogged>false</unlogged>
        </visibility>
        <definition>a!localVariables(
  local!tests: {
    a!map(name: "Ad-hoc"),
    #"_a-0000e6e0-9a21-8000-d6a9-01ef9001ef90_7697"()
  },
  {
    #"SYSTEM_SYSRULES_richTextDisplayField"(
      labelPosition: "COLLAPSED",
      value: #"SYSTEM_SYSRULES_richTextItem_v1"(
        text: "Use this interface to verify that HTML is being properly cleaned",
        size: "MEDIUM_PLUS"
      )
    ),
    #"SYSTEM_SYSRULES_forEach"(
      items: local!tests,
      expression: a!localVariables(
        local!output,
        local!isMatch: exact(tostring(local!output), tostring(fv!item.expectedOutput)),
        #"SYSTEM_SYSRULES_boxLayout"(
          marginBelow: "STANDARD",
          label: concat(
            if(local!isMatch, "SUCCESS", "FAILURE"),
            ": ",
            fv!item.name
          ),
          style: if(fv!isFirst, "ACCENT", local!isMatch, "SUCCESS", "ERROR"),
          contents: {
            #"SYSTEM_SYSRULES_columnsLayout"(
              showDividers: true,
              columns: {
                #"SYSTEM_SYSRULES_columnLayout"(
                  contents: {
                    #"SYSTEM_SYSRULES_paragraphField"(
                      label: "Input",
                      value: fv!item.input,
                      saveInto: fv!item.input,
                      readOnly: not(fv!isFirst)
                    ),
                    #"SYSTEM_SYSRULES_paragraphField"(
                      label: "(expressionized)",
                      value: toexpression_appian_internal(fv!item.input),
                      height: "SHORT"
                    )
                  }
                ),
                #"SYSTEM_SYSRULES_columnLayout"(
                  contents: {
                    #"SYSTEM_SYSRULES_paragraphField"(
                      label: "Expected Output",
                      value: fv!item.expectedOutput,
                      saveInto: fv!item.expectedOutput,
                      readOnly: not(fv!isFirst)
                    ),
                    #"SYSTEM_SYSRULES_paragraphField"(
                      label: "(expressionized)",
                      value: toexpression_appian_internal(fv!item.expectedOutput),
                      height: "SHORT"
                    )
                  }
                ),
                #"SYSTEM_SYSRULES_columnLayout"(
                  contents: {
                    #"SYSTEM_SYSRULES_paragraphField"(
                      label: "Output",
                      value: local!output,
                      readOnly: true
                    ),
                    #"SYSTEM_SYSRULES_paragraphField"(
                      label: "(expressionized)",
                      value: toexpression_appian_internal(local!output),
                      height: "SHORT"
                    )
                  }
                ),
                #"SYSTEM_SYSRULES_columnLayout"(
                  contents: {
                    richTextFieldWithTables(
                      label: "Editor (used to calculate output)",
                      height: "SHORT",
                      maxSize: 10000000,
                      richTextValue: fv!item.input,
                      richTextSaveInto: local!output,
                      disabled: true
                    )
                  }
                )
              }
            )
          }
        )
      )
    )
  }
)</definition>
        <preferredEditor>interface</preferredEditor>
        <offlineEnabled>false</offlineEnabled>
    </rule>
    <roleMap public="true">
        <role inherit="true" allowForAll="false" name="readers">
            <users/>
            <groups/>
        </role>
        <role inherit="true" allowForAll="false" name="authors">
            <users/>
            <groups/>
        </role>
        <role inherit="true" allowForAll="false" name="administrators">
            <users/>
            <groups/>
        </role>
        <role inherit="false" allowForAll="false" name="denyReaders">
            <users/>
            <groups/>
        </role>
        <role inherit="false" allowForAll="false" name="denyAuthors">
            <users/>
            <groups/>
        </role>
        <role inherit="false" allowForAll="false" name="denyAdministrators">
            <users/>
            <groups/>
        </role>
    </roleMap>
    <history>
        <historyInfo versionUuid="_a-0000e6e0-9a21-8000-d6a9-01ef9001ef90_7763"/>
    </history>
</contentHaul>
