<?xml version="1.0" encoding="UTF-8" standalone="yes"?>
<contentHaul xmlns:a="http://www.appian.com/ae/types/2009">
    <versionUuid>_a-0000e6e0-9a21-8000-d6a9-01ef9001ef90_7250</versionUuid>
    <rule>
        <name>reallylongtext2</name>
        <uuid>_a-0000e6e0-9a21-8000-d6a9-01ef9001ef90_7238</uuid>
        <description></description>
        <parentUuid>_a-0000e6a9-821b-8000-780a-01ef9001ef90_8556</parentUuid>
        <visibility>
            <advertise>false</advertise>
            <hierarchy>true</hierarchy>
            <indexable>true</indexable>
            <quota>false</quota>
            <searchable>true</searchable>
            <system>false</system>
            <unlogged>false</unlogged>
        </visibility>
        <definition>concat(
  "&lt;table",
  joinarray(
    extract(
      #"_a-0000e6b6-9128-8000-b252-01ef9001ef90_11082"(),
      "&lt;table",
      "&lt;/table&gt;"
    ),
    "&lt;/table&gt;&lt;table"
  ),
  "&lt;/table&gt;"
)</definition>
        <preferredEditor>legacy</preferredEditor>
        <offlineEnabled>false</offlineEnabled>
    </rule>
    <roleMap public="true">
        <role inherit="true" allowForAll="false" name="readers">
            <users/>
            <groups/>
        </role>
        <role inherit="true" allowForAll="false" name="authors">
            <users/>
            <groups/>
        </role>
        <role inherit="true" allowForAll="false" name="administrators">
            <users/>
            <groups/>
        </role>
        <role inherit="false" allowForAll="false" name="denyReaders">
            <users/>
            <groups/>
        </role>
        <role inherit="false" allowForAll="false" name="denyAuthors">
            <users/>
            <groups/>
        </role>
        <role inherit="false" allowForAll="false" name="denyAdministrators">
            <users/>
            <groups/>
        </role>
    </roleMap>
    <history>
        <historyInfo versionUuid="_a-0000e6e0-9a21-8000-d6a9-01ef9001ef90_7250"/>
    </history>
</contentHaul>
