<?xml version="1.0" encoding="UTF-8" standalone="yes"?>
<contentHaul xmlns:a="http://www.appian.com/ae/types/2009">
    <versionUuid>_a-0000e6e0-9a21-8000-d6a9-01ef9001ef90_16239</versionUuid>
    <rule>
        <name>RT_HtmlCleaningTestCases</name>
        <uuid>_a-0000e6e0-9a21-8000-d6a9-01ef9001ef90_7697</uuid>
        <description>Test cases to verify that HTML is properly being cleaned</description>
        <parentUuid>_a-0000e20e-f1f8-8000-c28e-03ef9003ef90_24075</parentUuid>
        <visibility>
            <advertise>false</advertise>
            <hierarchy>true</hierarchy>
            <indexable>true</indexable>
            <quota>false</quota>
            <searchable>true</searchable>
            <system>false</system>
            <unlogged>false</unlogged>
        </visibility>
        <definition>{
  a!map(
    name: "Remove Javascript",
    input: "&lt;script&gt;window.open('https://www.google.com');&lt;/script&gt;",
    expectedOutput: "&lt;p&gt;window.open('https://www.google.com');&lt;/p&gt;"
  ),
  a!map(
    name: "Remove image",
    input: "&lt;img src=""https://dtplugin8.appianci.net/suite/applications/img/obj_sites144px.png"" alt=""Site Icon""/&gt;",
    expectedOutput: ""
  ),
  a!map(
    name: "Remove bad HTML tags, keep good ones",
    input: "&lt;p&gt;&lt;span style=""font-size: 14px;""&gt;&lt;div style=""font-size: 14px;""&gt;Hi &lt;b&gt;there&lt;/b&gt;&lt;/div&gt;&lt;/span&gt;&lt;br&gt;&lt;/p&gt;",
    expectedOutput: "&lt;p&gt;&lt;span style=""font-size: 14px;""&gt;Hi &lt;b&gt;there&lt;/b&gt;&lt;/span&gt;&lt;br&gt;&lt;/p&gt;"
  ),
  /*Note the following test case is failing without lookbehind capabilities which IE does not support (see comments in code)*/
  a!map(
    name: "Remove bad attributes, keep good ones, regardless of whether attributes have tag characters in them (&lt;&gt;)",
    input: "&lt;p&gt;hi=""you""&lt;span a-b=""1"" c-d=""2&gt;&gt;3"" e-f=""4""&gt;Open tags&lt;/span&gt;&lt;br&gt;&lt;/p&gt;&lt;p&gt;&lt;span z-y=""1"" x-w=""2&lt;&lt;3"" v-u=""4""&gt;Close tags&lt;/span&gt;&lt;br&gt;&lt;/p&gt;",
    expectedOutput: "&lt;p&gt;hi=""you""&lt;span&gt;Open tags&lt;/span&gt;&lt;br&gt;&lt;/p&gt;&lt;p&gt;&lt;span&gt;Close tags&lt;/span&gt;&lt;br&gt;&lt;/p&gt;"
  ),
  a!map(
    name: "Strip style attributes copied from an Appian web page (including &amp;quot; in an attribute)",
    input: "&lt;meta charset='utf-8'&gt;&lt;span style=""color: rgb(34, 34, 34); font-family: &amp;quot;Appian Open Sans&amp;quot;, sans-serif; font-size: 24.0002px; font-style: normal; font-variant-ligatures: normal; font-variant-caps: normal; font-weight: 400; letter-spacing: normal; orphans: 2; text-align: left; text-indent: 0px; text-transform: none; white-space: pre-wrap; widows: 2; word-spacing: 0px; -webkit-text-stroke-width: 0px; background-color: rgb(255, 255, 255); text-decoration-thickness: initial; text-decoration-style: initial; text-decoration-color: initial; display: inline !important; float: none;""&gt;interface style=""inhtml: here; ""&lt;/span&gt;",
    expectedOutput: "&lt;span style=""font-size: 24.0002px; text-align: left; background-color: rgb(255, 255, 255); ""&gt;interface style=""inhtml: here; ""&lt;/span&gt;"
  ),
  a!map(
    name: "Strip style attributes that don't have spaces between them",
    input: "&lt;span style=""color:rgb(34,34,34);font-family:&amp;quot;AppianOpenSans&amp;quot;,sans-serif;font-size:24.0002px;font-style:normal;font-variant-ligatures:normal;font-variant-caps:normal;font-weight:400;letter-spacing:normal;orphans:2;text-align:left;text-indent:0px;text-transform:none;white-space:pre-wrap;widows:2;word-spacing:0px;-webkit-text-stroke-width:0px;background-color:rgb(255,255,255);text-decoration-thickness:initial;text-decoration-style:initial;text-decoration-color:initial;display:inline!important;float:none;""&gt;interface style=""inhtml:here;""&lt;/span&gt;",
    expectedOutput: "&lt;span style=""font-size:24.0002px;text-align:left;background-color:rgb(255,255,255);""&gt;interface style=""inhtml:here;""&lt;/span&gt;"
  ),
  a!map(
    name: "Strip trailing style attributes that don't end in semi-colon",
    input: "&lt;p style=""margin-left: 25px; line-height:normal""&gt;Line 1&lt;/p&gt;&lt;p style=""margin-left: 25px; line-height:normal""&gt;Line 2&lt;/p&gt;",
    expectedOutput: "&lt;p style=""margin-left: 25px; ""&gt;Line 1&lt;/p&gt;&lt;p style=""margin-left: 25px; ""&gt;Line 2&lt;/p&gt;"
  ),
  a!map(
    name: "Strip non-external hyperlinks",
    input: "&lt;a class=""xref fm:ParaNumOnly"" href=""#FAR_3_1004""&gt;&lt;span&gt;Internal Link&lt;/span&gt;&lt;/a&gt;&lt;a href=""https://www.google.com""&gt;Go to Google&lt;/a&gt;&lt;a href=""Microsoft-edge:https://www.google.com""&gt;Link with Protocol&lt;/a&gt;&lt;a href=""mailto:dan.tobias@appian.com""&gt;Email Dan!&lt;/a&gt;",
    expectedOutput: "&lt;span&gt;Internal Link&lt;/span&gt;&lt;a href=""https://www.google.com""&gt;Go to Google&lt;/a&gt;&lt;a href=""Microsoft-edge:https://www.google.com""&gt;Link with Protocol&lt;/a&gt;&lt;a href=""mailto:dan.tobias@appian.com""&gt;Email Dan!&lt;/a&gt;"
  )
}</definition>
        <preferredEditor>legacy</preferredEditor>
        <offlineEnabled>false</offlineEnabled>
    </rule>
    <roleMap public="true">
        <role inherit="true" allowForAll="false" name="readers">
            <users/>
            <groups/>
        </role>
        <role inherit="true" allowForAll="false" name="authors">
            <users/>
            <groups/>
        </role>
        <role inherit="true" allowForAll="false" name="administrators">
            <users/>
            <groups/>
        </role>
        <role inherit="false" allowForAll="false" name="denyReaders">
            <users/>
            <groups/>
        </role>
        <role inherit="false" allowForAll="false" name="denyAuthors">
            <users/>
            <groups/>
        </role>
        <role inherit="false" allowForAll="false" name="denyAdministrators">
            <users/>
            <groups/>
        </role>
    </roleMap>
    <history>
        <historyInfo versionUuid="_a-0000e6e0-9a21-8000-d6a9-01ef9001ef90_7847"/>
        <historyInfo versionUuid="_a-0000e6e0-9a21-8000-d6a9-01ef9001ef90_8070"/>
        <historyInfo versionUuid="_a-0000e6e0-9a21-8000-d6a9-01ef9001ef90_11349"/>
        <historyInfo versionUuid="_a-0000e6e0-9a21-8000-d6a9-01ef9001ef90_13794"/>
        <historyInfo versionUuid="_a-0000e6e0-9a21-8000-d6a9-01ef9001ef90_16239"/>
    </history>
</contentHaul>
