<?xml version="1.0" encoding="UTF-8" standalone="yes"?>
<contentHaul xmlns:a="http://www.appian.com/ae/types/2009">
    <versionUuid>_a-0000e645-3d7c-8000-da55-01ef9001ef90_10704</versionUuid>
    <rule>
        <name>RT_TestHtmlRender</name>
        <uuid>_a-0000e645-3d7c-8000-da55-01ef9001ef90_10466</uuid>
        <description></description>
        <parentUuid>_a-0000e20e-f1f8-8000-c28e-03ef9003ef90_24075</parentUuid>
        <visibility>
            <advertise>false</advertise>
            <hierarchy>true</hierarchy>
            <indexable>true</indexable>
            <quota>false</quota>
            <searchable>true</searchable>
            <system>false</system>
            <unlogged>false</unlogged>
        </visibility>
        <definition>a!localVariables(
  local!value: if(
    isnull(#"_a-0000e645-3d7c-8000-da55-01ef9001ef90_10473"()),
    #"_a-0000e224-c83f-8000-cd5e-01ef9001ef90_26088",
    #"_a-0000e645-3d7c-8000-da55-01ef9001ef90_10473"()
  ),
  #"SYSTEM_SYSRULES_columnsLayout"(
    columns: {
      #"SYSTEM_SYSRULES_columnLayout"(
        contents: {
          richTextField(
            label: "Rich Text Editor",
            richTextValue: local!value,
            richTextSaveInto: {
              local!value,
              #"SYSTEM_SYSRULES_writeToDataStoreEntity"(
                dataStoreEntity: #"_a-0000e645-3d7c-8000-da55-01ef9001ef90_10460",
                valueToStore: 'type!{urn:com:appian:types:RT}RT_StoreValue'(
                  id: 1,
                  value: local!value
                )
              )
            }
          ),
          #"SYSTEM_SYSRULES_paragraphField"(
            label: "Quill HTML Value",
            value: local!value,
            saveInto: local!value,
            height: "TALL"
          )
        }
      ),
      #"SYSTEM_SYSRULES_columnLayout"(
        contents: {
          #"SYSTEM_SYSRULES_webContentField"(
            label: "Attempting to render as HTML",
            showBorder: true,
            source: concat(
              extract(linktodocument(0, "doc"), """", "doc/"),
              "webapi/rt-render-html/",
              text(now(), "mm_ss"),
              rand()
            )
          ),
          #"SYSTEM_SYSRULES_cardLayout"(
            contents: {
              #"SYSTEM_SYSRULES_paragraphField"(
                label: "Formatted HTML Value",
                value: #"_a-0000e645-3d7c-8000-da55-01ef9001ef90_10499"(
                  html: local!value
                ),
                readOnly: true,
                height: "TALL"
              )
            }
          )
        }
      )
    }
  )
)</definition>
        <preferredEditor>interface</preferredEditor>
        <offlineEnabled>false</offlineEnabled>
    </rule>
    <roleMap public="true">
        <role inherit="true" allowForAll="false" name="readers">
            <users/>
            <groups/>
        </role>
        <role inherit="true" allowForAll="false" name="authors">
            <users/>
            <groups/>
        </role>
        <role inherit="true" allowForAll="false" name="administrators">
            <users/>
            <groups/>
        </role>
        <role inherit="false" allowForAll="false" name="denyReaders">
            <users/>
            <groups/>
        </role>
        <role inherit="false" allowForAll="false" name="denyAuthors">
            <users/>
            <groups/>
        </role>
        <role inherit="false" allowForAll="false" name="denyAdministrators">
            <users/>
            <groups/>
        </role>
    </roleMap>
    <history>
        <historyInfo versionUuid="_a-0000e645-3d7c-8000-da55-01ef9001ef90_10704"/>
    </history>
</contentHaul>
