<?xml version="1.0" encoding="UTF-8" standalone="yes"?>
<contentHaul xmlns:a="http://www.appian.com/ae/types/2009">
    <versionUuid>_a-0000e23e-16b8-8000-ad28-01ef9001ef90_24944</versionUuid>
    <interface>
        <name>RT_DBTesting</name>
        <uuid>_a-0000e23e-16b8-8000-ad28-01ef9001ef90_24346</uuid>
        <description></description>
        <parentUuid>_a-0000e20e-f1f8-8000-c28e-03ef9003ef90_24075</parentUuid>
        <visibility>
            <advertise>false</advertise>
            <hierarchy>true</hierarchy>
            <indexable>true</indexable>
            <quota>false</quota>
            <searchable>true</searchable>
            <system>false</system>
            <unlogged>false</unlogged>
        </visibility>
        <definition>load(
  local!showSql: false,
  local!entity: #"_a-0000e23e-16b8-8000-ad28-01ef9001ef90_24340",
  local!searchField: "rawInput",
  local!searchTerm,
  local!queryResults: #"_a-0000e23e-16b8-8000-ad28-01ef9001ef90_24405"(
    searchTerm: local!searchTerm,
    entity: local!entity,
    searchField: local!searchField
  ),
  #"SYSTEM_SYSRULES_sectionLayout_v1"(
    label: "DB Testing",
    isCollapsible: true,
    isInitiallyCollapsed: true,
    contents: {
      #"SYSTEM_SYSRULES_columnsLayout"(
        columns: {
          #"SYSTEM_SYSRULES_columnLayout"(
            contents: {
              #"SYSTEM_SYSRULES_textField"(
                value: local!searchTerm,
                saveInto: {
                  local!searchTerm,
                  a!save(
                    local!queryResults,
                    #"_a-0000e23e-16b8-8000-ad28-01ef9001ef90_24405"(
                      searchTerm: local!searchTerm,
                      entity: local!entity,
                      searchField: local!searchField
                    )
                  )
                },
                placeholder: "Search DB Table"
              ),
            }
          ),
          #"SYSTEM_SYSRULES_columnLayout"(
            contents: {
              #"SYSTEM_SYSRULES_richTextDisplayField"(
                value: {
                  #"SYSTEM_SYSRULES_richTextItem_v1"(
                    text: {
                      #"SYSTEM_SYSRULES_richTextIcon"(
                        icon: "database"
                      ),
                      " Write value to DB"
                    },
                    link: #"SYSTEM_SYSRULES_dynamicLink"(
                      saveInto: {
                        #"SYSTEM_SYSRULES_writeToDataStoreEntity"(
                          dataStoreEntity: local!entity,
                          valueToStore: {
                            id: null,
                            html: ri!value
                          }
                        ),
                        a!save(
                          local!queryResults,
                          #"_a-0000e23e-16b8-8000-ad28-01ef9001ef90_24405"(
                            searchTerm: local!searchTerm,
                            entity: local!entity,
                            searchField: local!searchField
                          )
                        )
                      }
                    ),
                    linkStyle: "STANDALONE"
                  ),
                  char(9),
                  char(9),
                  char(9),
                  #"SYSTEM_SYSRULES_richTextItem_v1"(
                    text: {
                      #"SYSTEM_SYSRULES_richTextIcon"(
                        icon: if(local!showSql, "chevron-down", "chevron-right")
                      ),
                      if(local!showSql, " Hide", " Show"),
                      " SQL for DB Triggers"
                    },
                    link: #"SYSTEM_SYSRULES_dynamicLink"(
                      saveInto: a!save(local!showSql, not(local!showSql))
                    ),
                    linkStyle: "STANDALONE"
                  ),
                }
              ),
              #"SYSTEM_SYSRULES_paragraphField"(
                showWhen: local!showSql,
                height: "TALL",
                value: 
"DROP FUNCTION IF EXISTS `strip_tags`;

DELIMITER &amp;&amp;

CREATE FUNCTION `strip_tags`($str text) RETURNS text
BEGIN
DECLARE $start, $end INT DEFAULT 1;
LOOP
SET $start = LOCATE(""&lt;"", $str, $start);
IF (!$start) THEN RETURN $str; END IF;
SET $end = LOCATE(""&gt;"", $str, $start);
IF (!$end) THEN SET $end = $start; END IF;
SET $str = INSERT($str, $start, $end - $start + 1, """");
SET $str = REPLACE($str, ""&amp;nbsp;"", "" "");
END LOOP;
END&amp;&amp;

DELIMITER ;


DROP TRIGGER IF EXISTS `store_raw_input_insert`;
DROP TRIGGER IF EXISTS `store_raw_input_update`;

DELIMITER &amp;&amp;

CREATE TRIGGER `store_raw_input_insert`
BEFORE INSERT ON `rtstorehtmlmysql`
FOR EACH ROW BEGIN
SET NEW.`rawinput` = strip_tags(NEW.`html`);
END&amp;&amp;

CREATE TRIGGER `store_raw_input_update`
BEFORE UPDATE ON `rtstorehtmlmysql`
FOR EACH ROW BEGIN
SET NEW.`rawinput` = strip_tags(NEW.`html`);
END&amp;&amp;

DELIMITER ;"
              )
            }
          )
        }
      ),
      #"SYSTEM_SYSRULES_forEach"(
        items: local!queryResults,
        expression: #"SYSTEM_SYSRULES_cardLayout"(
          marginBelow: "STANDARD",
          style: "INFO",
          contents: #"SYSTEM_SYSRULES_columnsLayout"(
            columns: {
              #"SYSTEM_SYSRULES_columnLayout"(
                width: "NARROW",
                contents: #"SYSTEM_SYSRULES_textField"(
                  label: "ID",
                  value: fv!item.id,
                  readOnly: true
                )
              ),
              #"SYSTEM_SYSRULES_columnLayout"(
                contents: fn!richTextField(
                  label: "HTML",
                  richTextValue: fv!item.html,
                  readOnly: true
                )
              ),
              #"SYSTEM_SYSRULES_columnLayout"(
                contents: #"SYSTEM_SYSRULES_paragraphField"(
                  label: "Raw Input",
                  value: fv!item.rawInput,
                  readOnly: true
                )
              )
            }
          )
        )
      )
    }
  )
)</definition>
        <namedTypedValue>
            <name>value</name>
            <type>
                <name>string</name>
                <namespace>http://www.w3.org/2001/XMLSchema</namespace>
            </type>
            <value/>
        </namedTypedValue>
        <preferredEditor>interface</preferredEditor>
        <offlineEnabled>false</offlineEnabled>
        <isCustom>false</isCustom>
    </interface>
    <roleMap public="true">
        <role inherit="true" allowForAll="false" name="readers">
            <users/>
            <groups/>
        </role>
        <role inherit="true" allowForAll="false" name="authors">
            <users/>
            <groups/>
        </role>
        <role inherit="true" allowForAll="false" name="administrators">
            <users/>
            <groups/>
        </role>
        <role inherit="false" allowForAll="false" name="denyReaders">
            <users/>
            <groups/>
        </role>
        <role inherit="false" allowForAll="false" name="denyAuthors">
            <users/>
            <groups/>
        </role>
        <role inherit="false" allowForAll="false" name="denyAdministrators">
            <users/>
            <groups/>
        </role>
    </roleMap>
    <history>
        <historyInfo versionUuid="_a-0000e23e-16b8-8000-ad28-01ef9001ef90_24698"/>
        <historyInfo versionUuid="_a-0000e23e-16b8-8000-ad28-01ef9001ef90_24944"/>
    </history>
</contentHaul>
