<?xml version="1.0" encoding="UTF-8" standalone="yes"?>
<contentHaul xmlns:a="http://www.appian.com/ae/types/2009">
    <versionUuid>_a-0000e6b6-9128-8000-b252-01ef9001ef90_9752</versionUuid>
    <interface>
        <name>RT_RichTextDemo</name>
        <uuid>_a-0000e20f-dfd7-8000-c28e-03ef9003ef90_24246</uuid>
        <description></description>
        <parentUuid>_a-0000e20e-f1f8-8000-c28e-03ef9003ef90_24075</parentUuid>
        <visibility>
            <advertise>false</advertise>
            <hierarchy>true</hierarchy>
            <indexable>true</indexable>
            <quota>false</quota>
            <searchable>true</searchable>
            <system>false</system>
            <unlogged>false</unlogged>
        </visibility>
        <definition>#"_a-0000e224-c83f-8000-cd5e-01ef9001ef90_25133"(
  function: fn!richTextField
)</definition>
        <preferredEditor>interface</preferredEditor>
        <offlineEnabled>false</offlineEnabled>
        <isCustom>false</isCustom>
    </interface>
    <roleMap public="true">
        <role inherit="true" allowForAll="false" name="readers">
            <users/>
            <groups/>
        </role>
        <role inherit="true" allowForAll="false" name="authors">
            <users/>
            <groups/>
        </role>
        <role inherit="true" allowForAll="false" name="administrators">
            <users/>
            <groups/>
        </role>
        <role inherit="false" allowForAll="false" name="denyReaders">
            <users/>
            <groups/>
        </role>
        <role inherit="false" allowForAll="false" name="denyAuthors">
            <users/>
            <groups/>
        </role>
        <role inherit="false" allowForAll="false" name="denyAdministrators">
            <users/>
            <groups/>
        </role>
    </roleMap>
    <history>
        <historyInfo versionUuid="_a-0000e20f-dfd7-8000-c28e-03ef9003ef90_24568"/>
        <historyInfo versionUuid="_a-0000e221-a0be-8000-3e90-01ef9001ef90_23960"/>
        <historyInfo versionUuid="_a-0000e223-85ce-8000-3e90-01ef9001ef90_23967"/>
        <historyInfo versionUuid="_a-0000e223-85ce-8000-3e90-01ef9001ef90_24023"/>
        <historyInfo versionUuid="_a-0000e224-c83f-8000-cd5e-01ef9001ef90_24012"/>
        <historyInfo versionUuid="_a-0000e224-c83f-8000-cd5e-01ef9001ef90_24057"/>
        <historyInfo versionUuid="_a-0000e224-c83f-8000-cd5e-01ef9001ef90_24105"/>
        <historyInfo versionUuid="_a-0000e224-c83f-8000-cd5e-01ef9001ef90_25150"/>
        <historyInfo versionUuid="_a-0000e224-c83f-8000-cd5e-01ef9001ef90_26446"/>
        <historyInfo versionUuid="_a-0000e23e-16b8-8000-ad28-01ef9001ef90_23767"/>
        <historyInfo versionUuid="_a-0000e6b6-9128-8000-b252-01ef9001ef90_9752"/>
    </history>
</contentHaul>
