<?xml version="1.0" encoding="UTF-8" standalone="yes"?>
<contentHaul xmlns:a="http://www.appian.com/ae/types/2009">
    <versionUuid>_a-0000e645-3d7c-8000-da55-01ef9001ef90_10785</versionUuid>
    <rule>
        <name>RT_FormatQuillHtmlAsRealHtml_SingleList</name>
        <uuid>_a-0000e645-3d7c-8000-da55-01ef9001ef90_10529</uuid>
        <description></description>
        <parentUuid>_a-0000e20e-f1f8-8000-c28e-03ef9003ef90_24075</parentUuid>
        <visibility>
            <advertise>false</advertise>
            <hierarchy>true</hierarchy>
            <indexable>true</indexable>
            <quota>false</quota>
            <searchable>true</searchable>
            <system>false</system>
            <unlogged>false</unlogged>
        </visibility>
        <definition>with(
  local!listType: regexfirstmatch("ul|ol", ri!match.match),
  local!listFindRegex: "&lt;li class=""ql-indent-LEVEL""&gt;(.*?)&lt;\/li&gt;",
  local!listReplaceRegex: "&lt;" &amp; local!listType &amp; "TYPE&gt;&lt;li class=""ql-indent-LEVEL""&gt;$1&lt;/li&gt;&lt;/" &amp; local!listType &amp; "&gt;",
  local!formatListType: Lambda_appian_internal(
    ri!level,
    if(
      local!listType = "ul",
      "",
      concat(
        " type=""",
        choose(
          mod(ri!level - 1, 3) + 1,
          "a",
          "i",
          "1"
        ),
        """"
      )
    )
  ),
  local!formatListFindRegex: Lambda_appian_internal(
    ri!level,
    substitute(local!listFindRegex, "LEVEL", ri!level)
  ),
  local!formatListReplaceRegex: Lambda_appian_internal(
    ri!level,
    substitute(
      if(
        ri!level = 0,
        substitute(
          local!listReplaceRegex,
          " class=""ql-indent-LEVEL""",
          ""
        ),
        substitute(
          local!listReplaceRegex,
          "LEVEL",
          ri!level
        )
      ),
      "TYPE",
      local!formatListType(ri!level)
    )
  ),
  local!listReplacementReducer: Lambda_appian_internal(
    ri!html,
    ri!level,
    regexreplaceall(
      local!formatListFindRegex(ri!level),
      ri!html,
      local!formatListReplaceRegex(ri!level - 1)
    )
  ),
  local!listReplace: reduce(
    local!listReplacementReducer(html: _, level: _),
    ri!match.match,
    reverse(enumerate(20) + 1)
  ),
  local!parentReplace: replace(
    ri!html,
    ri!match.startPosition + 1,
    ri!match.endPosition - ri!match.startPosition,
    local!listReplace
  ),
  local!parentReplace
)</definition>
        <namedTypedValue>
            <name>html</name>
            <type>
                <name>string</name>
                <namespace>http://www.w3.org/2001/XMLSchema</namespace>
            </type>
            <value/>
        </namedTypedValue>
        <namedTypedValue>
            <name>match</name>
            <type>
                <name>Map</name>
                <namespace>http://www.appian.com/ae/types/2009</namespace>
            </type>
        </namedTypedValue>
        <preferredEditor>legacy</preferredEditor>
        <offlineEnabled>false</offlineEnabled>
    </rule>
    <roleMap public="true">
        <role inherit="true" allowForAll="false" name="readers">
            <users/>
            <groups/>
        </role>
        <role inherit="true" allowForAll="false" name="authors">
            <users/>
            <groups/>
        </role>
        <role inherit="true" allowForAll="false" name="administrators">
            <users/>
            <groups/>
        </role>
        <role inherit="false" allowForAll="false" name="denyReaders">
            <users/>
            <groups/>
        </role>
        <role inherit="false" allowForAll="false" name="denyAuthors">
            <users/>
            <groups/>
        </role>
        <role inherit="false" allowForAll="false" name="denyAdministrators">
            <users/>
            <groups/>
        </role>
    </roleMap>
    <typedValue>
        <type>
            <name>RuleTestConfig?list</name>
            <namespace>http://www.appian.com/ae/types/2009</namespace>
        </type>
        <value>
            <el>
                <a:name>Sample Test Case</a:name>
                <a:ruleInputTestConfigs>
                    <a:value xmlns:xsi="http://www.w3.org/2001/XMLSchema-instance" xsi:type="a:Expression">"&lt;div&gt;Line 1&lt;/div&gt;&lt;ul&gt;&lt;li&gt;List 1&lt;/li&gt;&lt;li class=""ql-indent-1""&gt;List 2&lt;/li&gt;&lt;li class=""ql-indent-1""&gt;List 3&lt;/li&gt;&lt;li class=""ql-indent-2""&gt;List 4&lt;/li&gt;&lt;/ul&gt;&lt;ol&gt;&lt;li&gt;List A&lt;/li&gt;&lt;li class=""ql-indent-1""&gt;List B&lt;/li&gt;&lt;/ol&gt;"</a:value>
                    <a:nameRef>html</a:nameRef>
                    <a:id>2</a:id>
                </a:ruleInputTestConfigs>
                <a:ruleInputTestConfigs>
                    <a:value xmlns:xsi="http://www.w3.org/2001/XMLSchema-instance" xsi:type="a:Expression">reverse(regexsearch(
  "&lt;(ul|ol)&gt;.*?&lt;\/\1&gt;",
  "&lt;div&gt;Line 1&lt;/div&gt;&lt;ul&gt;&lt;li&gt;List 1&lt;/li&gt;&lt;li class=""ql-indent-1""&gt;List 2&lt;/li&gt;&lt;li class=""ql-indent-1""&gt;List 3&lt;/li&gt;&lt;li class=""ql-indent-2""&gt;List 4&lt;/li&gt;&lt;/ul&gt;&lt;ol&gt;&lt;li&gt;List A&lt;/li&gt;&lt;li class=""ql-indent-1""&gt;List B&lt;/li&gt;&lt;/ol&gt;",
  "g"
))[1]</a:value>
                    <a:nameRef>match</a:nameRef>
                    <a:id>1</a:id>
                </a:ruleInputTestConfigs>
                <a:assertions xmlns:xsi="http://www.w3.org/2001/XMLSchema-instance" xsi:nil="true"/>
            </el>
        </value>
    </typedValue>
    <history>
        <historyInfo versionUuid="_a-0000e645-3d7c-8000-da55-01ef9001ef90_10694"/>
        <historyInfo versionUuid="_a-0000e645-3d7c-8000-da55-01ef9001ef90_10785"/>
    </history>
</contentHaul>
