<?xml version="1.0" encoding="UTF-8" standalone="yes"?>
<contentHaul xmlns:a="http://www.appian.com/ae/types/2009">
    <versionUuid>_a-0000e622-afff-8000-177e-01ef9001ef90_9276</versionUuid>
    <constant>
        <name>RT_EXAMPLE_HTML_ALL_STYLES</name>
        <uuid>_a-0000e224-c83f-8000-cd5e-01ef9001ef90_26088</uuid>
        <description></description>
        <parentUuid>_a-0000e20e-f1f8-8000-c28e-03ef9003ef90_24075</parentUuid>
        <visibility>
            <advertise>false</advertise>
            <hierarchy>true</hierarchy>
            <indexable>true</indexable>
            <quota>false</quota>
            <searchable>true</searchable>
            <system>false</system>
            <unlogged>false</unlogged>
        </visibility>
        <typedValue>
            <type>
                <name>string</name>
                <namespace>http://www.w3.org/2001/XMLSchema</namespace>
            </type>
            <value>&lt;div&gt;Normal Sans Serif Standard&lt;/div&gt;&lt;h1&gt;Heading 1&lt;/h1&gt;&lt;h2&gt;Heading 2&lt;/h2&gt;&lt;h3&gt;Heading 3&lt;/h3&gt;&lt;h4&gt;Heading 4&lt;/h4&gt;&lt;h5&gt;Heading 5&lt;/h5&gt;&lt;div&gt;Serif&lt;/div&gt;&lt;div&gt;Monospace&lt;/div&gt;&lt;div&gt;Small&lt;/div&gt;&lt;div&gt;Large&lt;/div&gt;&lt;div&gt;Huge&lt;/div&gt;&lt;div&gt;&lt;strong&gt;Bold&lt;/strong&gt;&lt;/div&gt;&lt;div&gt;&lt;em&gt;Italic&lt;/em&gt;&lt;/div&gt;&lt;div&gt;&lt;u&gt;Underline&lt;/u&gt;&lt;/div&gt;&lt;div&gt;&lt;s&gt;Strikethrough&lt;/s&gt;SubscriptSuperscript&lt;/div&gt;&lt;div&gt;&lt;span style="color: rgb(161, 0, 0);"&gt;Red&lt;/span&gt;&lt;/div&gt;&lt;div&gt;&lt;span style="background-color: rgb(0, 102, 204);"&gt;Blue&lt;/span&gt;&lt;/div&gt;&lt;div&gt;&lt;a href="https://www.google.com" target="_blank"&gt;Link&lt;/a&gt;&lt;/div&gt;&lt;div style="text-align: center;"&gt;Center&lt;/div&gt;&lt;div style="text-align: right;"&gt;Right&lt;/div&gt;&lt;div style="text-align: justify;"&gt;Justify&lt;/div&gt;&lt;div class="ql-indent-1"&gt;Indent&lt;/div&gt;&lt;div class="ql-indent-2"&gt;Indent again&lt;/div&gt;&lt;ol&gt;&lt;li&gt;Numbered&lt;/li&gt;&lt;li class="ql-indent-1"&gt;List&lt;/li&gt;&lt;/ol&gt;&lt;ul&gt;&lt;li&gt;Bulleted&lt;/li&gt;&lt;li class="ql-indent-1"&gt;List&lt;/li&gt;&lt;/ul&gt;&lt;div&gt;Quote&lt;/div&gt;&lt;div&gt;Code&lt;/div&gt;&lt;div&gt;&lt;br&gt;&lt;/div&gt;</value>
        </typedValue>
        <isEnvironmentSpecific>false</isEnvironmentSpecific>
    </constant>
    <roleMap public="true">
        <role inherit="true" allowForAll="false" name="readers">
            <users/>
            <groups/>
        </role>
        <role inherit="true" allowForAll="false" name="authors">
            <users/>
            <groups/>
        </role>
        <role inherit="true" allowForAll="false" name="administrators">
            <users/>
            <groups/>
        </role>
        <role inherit="false" allowForAll="false" name="denyReaders">
            <users/>
            <groups/>
        </role>
        <role inherit="false" allowForAll="false" name="denyAuthors">
            <users/>
            <groups/>
        </role>
        <role inherit="false" allowForAll="false" name="denyAdministrators">
            <users/>
            <groups/>
        </role>
    </roleMap>
    <history>
        <historyInfo versionUuid="_a-0000e224-c83f-8000-cd5e-01ef9001ef90_26092"/>
        <historyInfo versionUuid="_a-0000e622-afff-8000-177e-01ef9001ef90_9276"/>
    </history>
</contentHaul>
