<?xml version="1.0" encoding="UTF-8" standalone="yes"?>
<contentHaul xmlns:a="http://www.appian.com/ae/types/2009">
    <versionUuid>_a-0000e23e-16b8-8000-ad28-01ef9001ef90_24641</versionUuid>
    <rule>
        <name>RT_QueryDB</name>
        <uuid>_a-0000e23e-16b8-8000-ad28-01ef9001ef90_24405</uuid>
        <description></description>
        <parentUuid>_a-0000e20e-f1f8-8000-c28e-03ef9003ef90_24075</parentUuid>
        <visibility>
            <advertise>false</advertise>
            <hierarchy>true</hierarchy>
            <indexable>true</indexable>
            <quota>false</quota>
            <searchable>true</searchable>
            <system>false</system>
            <unlogged>false</unlogged>
        </visibility>
        <definition>#"SYSTEM_SYSRULES_queryEntity_v1"(
  entity: ri!entity,
  query: #"SYSTEM_SYSRULES_query"(
    filter: #"SYSTEM_SYSRULES_queryFilter"(
      field: ri!searchField,
      operator: "includes",
      value: ri!searchTerm,
      applyWhen: not(isnull(ri!searchTerm))
    ),
    pagingInfo: #"SYSTEM_SYSRULES_pagingInfo"(
      startIndex: 1,
      batchSize: 3,
      sort: #"SYSTEM_SYSRULES_sortInfo"(
        field: "id",
        ascending: false
      )
    )
  )
).data</definition>
        <namedTypedValue>
            <name>searchTerm</name>
            <type>
                <name>string</name>
                <namespace>http://www.w3.org/2001/XMLSchema</namespace>
            </type>
            <value/>
        </namedTypedValue>
        <namedTypedValue>
            <name>entity</name>
            <type>
                <name>DataStoreEntity</name>
                <namespace>http://www.appian.com/ae/types/2009</namespace>
            </type>
        </namedTypedValue>
        <namedTypedValue>
            <name>searchField</name>
            <type>
                <name>string</name>
                <namespace>http://www.w3.org/2001/XMLSchema</namespace>
            </type>
            <value/>
        </namedTypedValue>
        <preferredEditor>legacy</preferredEditor>
        <offlineEnabled>false</offlineEnabled>
    </rule>
    <roleMap public="true">
        <role inherit="true" allowForAll="false" name="readers">
            <users/>
            <groups/>
        </role>
        <role inherit="true" allowForAll="false" name="authors">
            <users/>
            <groups/>
        </role>
        <role inherit="true" allowForAll="false" name="administrators">
            <users/>
            <groups/>
        </role>
        <role inherit="false" allowForAll="false" name="denyReaders">
            <users/>
            <groups/>
        </role>
        <role inherit="false" allowForAll="false" name="denyAuthors">
            <users/>
            <groups/>
        </role>
        <role inherit="false" allowForAll="false" name="denyAdministrators">
            <users/>
            <groups/>
        </role>
    </roleMap>
    <history>
        <historyInfo versionUuid="_a-0000e23e-16b8-8000-ad28-01ef9001ef90_24641"/>
    </history>
</contentHaul>
