<?xml version="1.0" encoding="UTF-8" standalone="yes"?>
<contentHaul xmlns:a="http://www.appian.com/ae/types/2009">
    <versionUuid>_a-0000e6e0-9a21-8000-d6a9-01ef9001ef90_7590</versionUuid>
    <rule>
        <name>compare_different_rich_text_editors_output</name>
        <uuid>e621d738-3a77-4edf-95b7-3cad6eb4d01d</uuid>
        <description></description>
        <parentUuid>SYSTEM_RULE_FOLDER_QUICK_APPS</parentUuid>
        <visibility>
            <advertise>false</advertise>
            <hierarchy>true</hierarchy>
            <indexable>true</indexable>
            <quota>false</quota>
            <searchable>true</searchable>
            <system>false</system>
            <unlogged>false</unlogged>
        </visibility>
        <definition>a!localVariables(
  local!output1,
  local!output2,

  /*NOTE removing carriage returns improves the formatting*/
  /*char(10), char(13) change to be ""*/
  local!text: #"_a-0000e6b6-9128-8000-b252-01ef9001ef90_11082"(),

  {
    #"SYSTEM_SYSRULES_paragraphField"(
      label: "Input text",
      value: local!text,
      saveInto: local!text,
      instructions: len(local!text)
    ),
    #"SYSTEM_SYSRULES_columnsLayout"(
      columns: {
        #"SYSTEM_SYSRULES_columnLayout"(
          contents: {
            #"SYSTEM_SYSRULES_paragraphField"(
              label: "RTE 1 Output",
              value: local!output1,
              instructions: len(local!output1)
            ),
            richTextField(
              richTextValue: local!text,
              richTextSaveInto: local!output1,
              maxSize: 10000000,
              height: "SHORT"
            )
          }
        ),
        #"SYSTEM_SYSRULES_columnLayout"(
          contents: {
            #"SYSTEM_SYSRULES_paragraphField"(
              label: "RTE 2 Output",
              value: local!output2,
              instructions: len(local!output2)
            ),
            richTextFieldWithTables(
              richTextValue: local!text,
              richTextSaveInto: local!output2,
              maxSize: 10000000,
              height: "SHORT"
            )
          }
        )
      }
    )
  }
)</definition>
        <preferredEditor>interface</preferredEditor>
        <offlineEnabled>false</offlineEnabled>
    </rule>
    <roleMap public="true">
        <role inherit="true" allowForAll="false" name="readers">
            <users/>
            <groups/>
        </role>
        <role inherit="true" allowForAll="false" name="authors">
            <users/>
            <groups/>
        </role>
        <role inherit="true" allowForAll="false" name="administrators">
            <users/>
            <groups/>
        </role>
        <role inherit="false" allowForAll="false" name="denyReaders">
            <users/>
            <groups/>
        </role>
        <role inherit="false" allowForAll="false" name="denyAuthors">
            <users/>
            <groups/>
        </role>
        <role inherit="false" allowForAll="false" name="denyAdministrators">
            <users/>
            <groups/>
        </role>
    </roleMap>
    <history>
        <historyInfo versionUuid="_a-0000e6b6-9128-8000-b252-01ef9001ef90_11799"/>
        <historyInfo versionUuid="_a-0000e6e0-9a21-8000-d6a9-01ef9001ef90_7590"/>
    </history>
</contentHaul>
