<?xml version="1.0" encoding="UTF-8"?>
<siteHaul xmlns:a="http://www.appian.com/ae/types/2009" xmlns:xsi="http://www.w3.org/2001/XMLSchema-instance">
  <versionUuid>a2a70b92-00ad-461f-b9fd-424a2269013a</versionUuid>
  <site a:uuid="81d36209-8a44-4b93-8504-e700db5ee87d" name="RT Testing">
    <description/>
    <urlStub>rt-testing</urlStub>
    <page>
      <staticName>RT Demo</staticName>
      <description/>
      <urlStub>rt-demo</urlStub>
      <uiObject a:uuid="95a8b6ca-5f7e-4548-b592-53be71bd57fc" xsi:type="a:TempoReport"/>
      <iconId>f121</iconId>
      <visibilityExpr>fn!true()</visibilityExpr>
      <pageWidth>WIDE</pageWidth>
    </page>
    <visibility>268435456</visibility>
    <headerBackgroundColor/>
    <selectedTabBackgroundColor/>
    <faviconRef a:uuid="SYSTEM_CONTENT_SITES_DEFAULT_FAVICON" xsi:type="a:CollaborationDocument"/>
    <faviconHref/>
    <logoRef a:uuid="SYSTEM_CONTENT_SITES_DEFAULT_LOGO" xsi:type="a:CollaborationDocument"/>
    <logoHref/>
    <headerBackgroundColorExpr/>
    <selectedTabBackgroundColorExpr/>
    <accentColor/>
    <accentColorExpr/>
    <logoExpr/>
    <faviconExpr/>
    <showName>false</showName>
    <tempoLinkVisibility>HIDDEN</tempoLinkVisibility>
    <showRecordNews>true</showRecordNews>
    <isSystem>false</isSystem>
  </site>
  <roleMap/>
  <history>
    <historyInfo versionUuid="a2a70b92-00ad-461f-b9fd-424a2269013a"/>
  </history>
</siteHaul>
