<?xml version="1.0" encoding="UTF-8" standalone="yes"?>
<connectedSystemHaul xmlns:a="http://www.appian.com/ae/types/2009">
    <versionUuid>_a-0000e4fb-1704-8000-11ed-36ef9036ef90_50015</versionUuid>
    <connectedSystem>
        <name>Rich Text Editor Example Connected System</name>
        <uuid>_a-0000e4fb-1704-8000-11ed-36ef9036ef90_50011</uuid>
        <description></description>
        <visibility>
            <advertise>false</advertise>
            <hierarchy>true</hierarchy>
            <indexable>true</indexable>
            <quota>false</quota>
            <searchable>true</searchable>
            <system>false</system>
            <unlogged>false</unlogged>
        </visibility>
        <sharedConfigParameters>
            <a:Dictionary xmlns:xsd="http://www.w3.org/2001/XMLSchema" xmlns:xsi="http://www.w3.org/2001/XMLSchema-instance">
                <configurationDescriptor xsi:type="a:Dictionary">
                    <types xsi:type="a:Dictionary">
                        <RootType xsi:type="a:Dictionary">
                            <properties xsi:type="a:Dictionary?list">
<item>
    <description xsi:nil="true" xsi:type="a:Null"/>
    <refresh xsi:type="xsd:string">NEVER</refresh>
    <placeholder xsi:nil="true" xsi:type="a:Null"/>
    <isImportCustomizable xsi:type="xsd:boolean">false</isImportCustomizable>
    <instructionText xsi:type="xsd:string">Images uploaded to the Rich Text Editor will be uploaded to this folder</instructionText>
    <isExpressionable xsi:type="xsd:boolean">false</isExpressionable>
    <label xsi:type="xsd:string">Upload Folder UUID</label>
    <isRequired xsi:type="xsd:boolean">true</isRequired>
    <displayHint xsi:type="xsd:string">NORMAL</displayHint>
    <hasTransientChoices xsi:type="xsd:boolean">false</hasTransientChoices>
    <key xsi:type="xsd:string">uploadFolderUuid</key>
    <isHidden xsi:type="xsd:boolean">false</isHidden>
    <isMasked xsi:type="xsd:boolean">false</isMasked>
    <isReadOnly xsi:type="xsd:boolean">false</isReadOnly>
    <type xsi:type="xsd:string">STRING</type>
</item>
<item>
    <description xsi:nil="true" xsi:type="a:Null"/>
    <refresh xsi:type="xsd:string">NEVER</refresh>
    <placeholder xsi:nil="true" xsi:type="a:Null"/>
    <isImportCustomizable xsi:type="xsd:boolean">false</isImportCustomizable>
    <instructionText xsi:type="xsd:string">Images uploaded to the Rich Text Editor will be shown as created by this user</instructionText>
    <isExpressionable xsi:type="xsd:boolean">false</isExpressionable>
    <label xsi:type="xsd:string">Upload Images as User</label>
    <isRequired xsi:type="xsd:boolean">true</isRequired>
    <displayHint xsi:type="xsd:string">NORMAL</displayHint>
    <hasTransientChoices xsi:type="xsd:boolean">false</hasTransientChoices>
    <key xsi:type="xsd:string">uploadImageAs</key>
    <isHidden xsi:type="xsd:boolean">false</isHidden>
    <isMasked xsi:type="xsd:boolean">false</isMasked>
    <isReadOnly xsi:type="xsd:boolean">false</isReadOnly>
    <type xsi:type="xsd:string">STRING</type>
</item>
                            </properties>
                            <name xsi:type="xsd:string">RootType</name>
                        </RootType>
                    </types>
                    <state xsi:type="a:Dictionary">
                        <a:entry key="#t" xsi:type="xsd:string">#/types/RootType</a:entry>
                        <uploadImageAs xsi:type="xsd:string">Administrator</uploadImageAs>
                        <uploadFolderUuid xsi:type="xsd:string">_a-0000e4fb-1704-8000-11ed-36ef9036ef90_50005</uploadFolderUuid>
                    </state>
                    <connectedSystemTemplateKey xsi:type="xsd:string">RichTextCSP</connectedSystemTemplateKey>
                </configurationDescriptor>
                <url xsi:type="xsd:string"/>
                <isInheritedUrlOptionSelected xsi:type="xsd:boolean">false</isInheritedUrlOptionSelected>
                <isCstOAuth xsi:type="xsd:boolean">false</isCstOAuth>
                <authType xsi:type="xsd:string">CSTF Auth</authType>
                <authDetails xsi:type="a:Variant?list"/>
            </a:Dictionary>
        </sharedConfigParameters>
        <logoChoice></logoChoice>
        <integrationType>plugin.[com.appian.richtext.csp].[RichTextCSP]</integrationType>
    </connectedSystem>
    <roleMap public="true">
        <role inherit="false" allowForAll="false" name="readers">
            <users/>
            <groups/>
        </role>
        <role inherit="false" allowForAll="false" name="authors">
            <users/>
            <groups/>
        </role>
        <role inherit="false" allowForAll="false" name="administrators">
            <users/>
            <groups/>
        </role>
        <role inherit="false" allowForAll="false" name="denyReaders">
            <users/>
            <groups/>
        </role>
        <role inherit="false" allowForAll="false" name="denyAuthors">
            <users/>
            <groups/>
        </role>
        <role inherit="false" allowForAll="false" name="denyAdministrators">
            <users/>
            <groups/>
        </role>
    </roleMap>
    <history>
        <historyInfo versionUuid="_a-0000e4fb-1704-8000-11ed-36ef9036ef90_50015"/>
    </history>
</connectedSystemHaul>
